N	numinstance	numrun	fitness	budget	comment
100	0	0	6200	2525	numrun=seed
100	0	1	6200	3184	numrun=seed
100	0	2	6200	2322	numrun=seed
100	0	3	6166	2400	numrun=seed
100	0	4	6210	3676	numrun=seed
100	0	5	6210	3393	numrun=seed
100	0	6	6210	2093	numrun=seed
100	0	7	6198	3062	numrun=seed
100	0	8	6219	3163	numrun=seed
100	0	9	6189	2607	numrun=seed
100	0	10	6210	2215	numrun=seed
100	0	11	6210	2981	numrun=seed
100	0	12	6210	3637	numrun=seed
100	0	13	6210	1701	numrun=seed
100	0	14	6210	2330	numrun=seed
100	0	15	6210	3079	numrun=seed
100	0	16	6210	3154	numrun=seed
100	0	17	6200	4567	numrun=seed
100	0	18	6210	4868	numrun=seed
100	0	19	6219	3576	numrun=seed
100	0	20	6219	2664	numrun=seed
100	0	21	6200	3502	numrun=seed
100	0	22	6210	3202	numrun=seed
100	0	23	6210	3723	numrun=seed
100	0	24	6210	3289	numrun=seed
100	0	25	6200	2822	numrun=seed
100	0	26	6210	2959	numrun=seed
100	0	27	6197	3160	numrun=seed
100	0	28	6210	2549	numrun=seed
100	0	29	6210	2509	numrun=seed
100	0	30	6219	3254	numrun=seed
100	0	31	6219	3515	numrun=seed
100	0	32	6200	4881	numrun=seed
100	0	33	6219	2436	numrun=seed
100	0	34	6200	2972	numrun=seed
100	0	35	6189	3153	numrun=seed
100	0	36	6189	4041	numrun=seed
100	0	37	6210	2331	numrun=seed
100	0	38	6200	2536	numrun=seed
100	0	39	6200	1876	numrun=seed
100	0	40	6189	2551	numrun=seed
100	0	41	6200	4982	numrun=seed
100	0	42	6219	4027	numrun=seed
100	0	43	6198	2516	numrun=seed
100	0	44	6210	3293	numrun=seed
100	0	45	6198	2852	numrun=seed
100	0	46	6200	2737	numrun=seed
100	0	47	6219	4444	numrun=seed
100	0	48	6210	3307	numrun=seed
100	0	49	6210	2742	numrun=seed
100	0	50	6200	4023	numrun=seed
100	0	51	6198	3056	numrun=seed
100	0	52	6189	2872	numrun=seed
100	0	53	6210	2432	numrun=seed
100	0	54	6210	3928	numrun=seed
100	0	55	6200	3281	numrun=seed
100	0	56	6189	1863	numrun=seed
100	0	57	6219	3078	numrun=seed
100	0	58	6210	3392	numrun=seed
100	0	59	6200	3608	numrun=seed
100	0	60	6198	2648	numrun=seed
100	0	61	6210	3628	numrun=seed
100	0	62	6198	2194	numrun=seed
100	0	63	6210	4039	numrun=seed
100	0	64	6210	2328	numrun=seed
100	0	65	6200	5323	numrun=seed
100	0	66	6219	3689	numrun=seed
100	0	67	6210	3175	numrun=seed
100	0	68	6210	2545	numrun=seed
100	0	69	6210	3174	numrun=seed
100	0	70	6210	2440	numrun=seed
100	0	71	6210	3258	numrun=seed
100	0	72	6219	2834	numrun=seed
100	0	73	6200	2406	numrun=seed
100	0	74	6219	2858	numrun=seed
100	0	75	6219	2751	numrun=seed
100	0	76	6210	3077	numrun=seed
100	0	77	6189	2311	numrun=seed
100	0	78	6210	2009	numrun=seed
100	0	79	6181	2023	numrun=seed
100	0	80	6189	2009	numrun=seed
100	0	81	6185	1576	numrun=seed
100	0	82	6200	3596	numrun=seed
100	0	83	6200	4994	numrun=seed
100	0	84	6210	2340	numrun=seed
100	0	85	6200	3380	numrun=seed
100	0	86	6200	2741	numrun=seed
100	0	87	6198	1477	numrun=seed
100	0	88	6210	3805	numrun=seed
100	0	89	6219	2961	numrun=seed
100	0	90	6219	2035	numrun=seed
100	0	91	6189	2720	numrun=seed
100	0	92	6200	2322	numrun=seed
100	0	93	6219	3424	numrun=seed
100	0	94	6219	3544	numrun=seed
100	0	95	6200	2955	numrun=seed
100	0	96	6189	3272	numrun=seed
100	0	97	6210	3707	numrun=seed
100	0	98	6210	3082	numrun=seed
100	0	99	6210	4231	numrun=seed
100	0	100	6185	1997	numrun=seed
100	0	101	6210	2365	numrun=seed
100	0	102	6130	3369	numrun=seed
100	0	103	6219	3377	numrun=seed
100	0	104	6189	2981	numrun=seed
100	0	105	6219	4781	numrun=seed
100	0	106	6192	3068	numrun=seed
100	0	107	6219	2326	numrun=seed
100	0	108	6200	2936	numrun=seed
100	0	109	6210	3259	numrun=seed
100	0	110	6210	2848	numrun=seed
100	0	111	6200	4230	numrun=seed
100	0	112	6210	1775	numrun=seed
100	0	113	6210	2514	numrun=seed
100	0	114	6210	2984	numrun=seed
100	0	115	6189	2190	numrun=seed
100	0	116	6185	3795	numrun=seed
100	0	117	6210	3692	numrun=seed
100	0	118	6210	4189	numrun=seed
100	0	119	6185	2611	numrun=seed
100	0	120	6198	1994	numrun=seed
100	0	121	6200	4533	numrun=seed
100	0	122	6189	4004	numrun=seed
100	0	123	6210	3838	numrun=seed
100	0	124	6210	2537	numrun=seed
100	0	125	6200	3082	numrun=seed
100	0	126	6162	2288	numrun=seed
100	0	127	6219	3299	numrun=seed
100	0	128	6210	2127	numrun=seed
100	0	129	6198	2412	numrun=seed
100	0	130	6200	3932	numrun=seed
100	0	131	6210	3694	numrun=seed
100	0	132	6210	3619	numrun=seed
100	0	133	6219	3626	numrun=seed
100	0	134	6189	3511	numrun=seed
100	0	135	6185	2187	numrun=seed
100	0	136	6200	2644	numrun=seed
100	0	137	6189	3572	numrun=seed
100	0	138	6210	2941	numrun=seed
100	0	139	6189	3508	numrun=seed
100	0	140	6189	2093	numrun=seed
100	0	141	6200	2724	numrun=seed
100	0	142	6185	2191	numrun=seed
100	0	143	6192	3063	numrun=seed
100	0	144	6219	2947	numrun=seed
100	0	145	6219	3332	numrun=seed
100	0	146	6210	3627	numrun=seed
100	0	147	6219	3585	numrun=seed
100	0	148	6198	2711	numrun=seed
100	0	149	6219	3931	numrun=seed
100	0	150	6189	3651	numrun=seed
100	0	151	6200	3389	numrun=seed
100	0	152	6219	3302	numrun=seed
100	0	153	6219	3272	numrun=seed
100	0	154	6181	2450	numrun=seed
100	0	155	6200	4638	numrun=seed
100	0	156	6219	2923	numrun=seed
100	0	157	6210	3511	numrun=seed
100	0	158	6219	2316	numrun=seed
100	0	159	6210	3818	numrun=seed
100	0	160	6189	2759	numrun=seed
100	0	161	6210	1795	numrun=seed
100	0	162	6219	4035	numrun=seed
100	0	163	6185	2515	numrun=seed
100	0	164	6200	3163	numrun=seed
100	0	165	6219	2875	numrun=seed
100	0	166	6219	3198	numrun=seed
100	0	167	6189	2723	numrun=seed
100	0	168	6200	1573	numrun=seed
100	0	169	6189	3268	numrun=seed
100	0	170	6185	2292	numrun=seed
100	0	171	6219	2944	numrun=seed
100	0	172	6200	3191	numrun=seed
100	0	173	6198	1597	numrun=seed
100	0	174	6189	3658	numrun=seed
100	0	175	6185	2892	numrun=seed
100	0	176	6210	3353	numrun=seed
100	0	177	6210	3834	numrun=seed
100	0	178	6189	2345	numrun=seed
100	0	179	6210	2545	numrun=seed
100	0	180	6210	2988	numrun=seed
100	0	181	6219	2968	numrun=seed
100	0	182	6219	3302	numrun=seed
100	0	183	6210	2425	numrun=seed
100	0	184	6200	4661	numrun=seed
100	0	185	6198	2020	numrun=seed
100	0	186	6197	2748	numrun=seed
100	0	187	6210	3709	numrun=seed
100	0	188	6200	4695	numrun=seed
100	0	189	6200	3283	numrun=seed
100	0	190	6219	3377	numrun=seed
100	0	191	6219	3174	numrun=seed
100	0	192	6200	3804	numrun=seed
100	0	193	6219	2961	numrun=seed
100	0	194	6219	3265	numrun=seed
100	0	195	6189	3826	numrun=seed
100	0	196	6210	3265	numrun=seed
100	0	197	6219	3174	numrun=seed
100	0	198	6219	2467	numrun=seed
100	0	199	6210	2956	numrun=seed
100	0	200	6219	2524	numrun=seed
100	0	201	6219	3325	numrun=seed
100	0	202	6210	4256	numrun=seed
100	0	203	6210	4250	numrun=seed
100	0	204	6200	3806	numrun=seed
100	0	205	6200	3701	numrun=seed
100	0	206	6200	3162	numrun=seed
100	0	207	6166	2742	numrun=seed
100	0	208	6200	2745	numrun=seed
100	0	209	6219	3215	numrun=seed
100	0	210	6210	2833	numrun=seed
100	0	211	6219	2951	numrun=seed
100	0	212	6192	2806	numrun=seed
100	0	213	6210	2552	numrun=seed
100	0	214	6219	3574	numrun=seed
100	0	215	6200	2942	numrun=seed
100	0	216	6219	3296	numrun=seed
100	0	217	6210	3442	numrun=seed
100	0	218	6210	2110	numrun=seed
100	0	219	6210	1499	numrun=seed
100	0	220	6189	2540	numrun=seed
100	0	221	6210	2754	numrun=seed
100	0	222	6200	4458	numrun=seed
100	0	223	6219	3947	numrun=seed
100	0	224	6200	4031	numrun=seed
100	0	225	6200	2631	numrun=seed
100	0	226	6210	2670	numrun=seed
100	0	227	6210	3820	numrun=seed
100	0	228	6200	4453	numrun=seed
100	0	229	6219	3148	numrun=seed
100	0	230	6198	2510	numrun=seed
100	0	231	6189	2325	numrun=seed
100	0	232	6210	2957	numrun=seed
100	0	233	6189	2084	numrun=seed
100	0	234	6210	2650	numrun=seed
100	0	235	6185	1672	numrun=seed
100	0	236	6200	2402	numrun=seed
100	0	237	6189	2348	numrun=seed
100	0	238	6210	2430	numrun=seed
100	0	239	6210	2342	numrun=seed
100	0	240	6210	4340	numrun=seed
100	0	241	6219	3057	numrun=seed
100	0	242	6200	3403	numrun=seed
100	0	243	6210	2883	numrun=seed
100	0	244	6189	2796	numrun=seed
100	0	245	6189	1887	numrun=seed
100	0	246	6210	3392	numrun=seed
100	0	247	6210	3895	numrun=seed
100	0	248	6219	2635	numrun=seed
100	0	249	6200	2752	numrun=seed
100	0	250	6210	3044	numrun=seed
100	0	251	6200	3171	numrun=seed
100	0	252	6185	3776	numrun=seed
100	0	253	6210	2337	numrun=seed
100	0	254	6200	2755	numrun=seed
100	0	255	6200	3366	numrun=seed
100	0	256	6210	3805	numrun=seed
100	0	257	6200	4223	numrun=seed
100	0	258	6200	4473	numrun=seed
100	0	259	6210	3801	numrun=seed
100	0	260	6219	2517	numrun=seed
100	0	261	6219	3534	numrun=seed
100	0	262	6210	2750	numrun=seed
100	0	263	6200	4661	numrun=seed
100	0	264	6219	2322	numrun=seed
100	0	265	6200	4028	numrun=seed
100	0	266	6189	2219	numrun=seed
100	0	267	6219	2330	numrun=seed
100	0	268	6210	3282	numrun=seed
100	0	269	6185	2765	numrun=seed
100	0	270	6198	2859	numrun=seed
100	0	271	6200	4004	numrun=seed
100	0	272	6189	2002	numrun=seed
100	0	273	6200	3621	numrun=seed
100	0	274	6198	1793	numrun=seed
100	0	275	6210	2543	numrun=seed
100	0	276	6189	3053	numrun=seed
100	0	277	6210	2545	numrun=seed
100	0	278	6210	3470	numrun=seed
100	0	279	6210	2222	numrun=seed
100	0	280	6210	3619	numrun=seed
100	0	281	6210	3615	numrun=seed
100	0	282	6200	4896	numrun=seed
100	0	283	6219	2438	numrun=seed
100	0	284	6200	2117	numrun=seed
100	0	285	6200	2555	numrun=seed
100	0	286	6198	3264	numrun=seed
100	0	287	6198	2847	numrun=seed
100	0	288	6198	2859	numrun=seed
100	0	289	6210	2317	numrun=seed
100	0	290	6219	4266	numrun=seed
100	0	291	6200	3625	numrun=seed
100	0	292	6185	3812	numrun=seed
100	0	293	6219	3317	numrun=seed
100	0	294	6219	2743	numrun=seed
100	0	295	6210	2344	numrun=seed
100	0	296	6210	3115	numrun=seed
100	0	297	6210	3600	numrun=seed
100	0	298	6198	2739	numrun=seed
100	0	299	6210	3631	numrun=seed
100	0	300	6189	3402	numrun=seed
100	0	301	6200	2312	numrun=seed
100	0	302	6210	2224	numrun=seed
100	0	303	6210	3553	numrun=seed
100	0	304	6185	3303	numrun=seed
100	0	305	6198	2522	numrun=seed
100	0	306	6189	3318	numrun=seed
100	0	307	6189	4561	numrun=seed
100	0	308	6210	3612	numrun=seed
100	0	309	6198	2846	numrun=seed
100	0	310	6200	3392	numrun=seed
100	0	311	6219	3154	numrun=seed
100	0	312	6200	5208	numrun=seed
100	0	313	6200	4363	numrun=seed
100	0	314	6200	2547	numrun=seed
100	0	315	6200	3275	numrun=seed
100	0	316	6210	3169	numrun=seed
100	0	317	6210	2343	numrun=seed
100	0	318	6210	3583	numrun=seed
100	0	319	6189	3388	numrun=seed
100	0	320	6189	2983	numrun=seed
100	0	321	6210	5290	numrun=seed
100	0	322	6210	1875	numrun=seed
100	1	0	3932	2983	numrun=seed
100	1	1	3765	4699	numrun=seed
100	1	2	3901	2309	numrun=seed
100	1	3	3955	4904	numrun=seed
100	1	4	3926	3729	numrun=seed
100	1	5	3854	3490	numrun=seed
100	1	6	3955	4796	numrun=seed
100	1	7	3919	3522	numrun=seed
100	1	8	3902	4646	numrun=seed
100	1	9	3934	4615	numrun=seed
100	1	10	3955	4079	numrun=seed
100	1	11	3929	5025	numrun=seed
100	1	12	3926	4555	numrun=seed
100	1	13	3929	3820	numrun=seed
100	1	14	3899	4084	numrun=seed
100	1	15	3871	5578	numrun=seed
100	1	16	3901	3256	numrun=seed
100	1	17	3926	3166	numrun=seed
100	1	18	3900	3941	numrun=seed
100	1	19	3934	3408	numrun=seed
100	1	20	3955	3188	numrun=seed
100	1	21	3803	5696	numrun=seed
100	1	22	3882	2450	numrun=seed
100	1	23	3897	3276	numrun=seed
100	1	24	3934	3585	numrun=seed
100	1	25	3929	4684	numrun=seed
100	1	26	3890	3927	numrun=seed
100	1	27	3899	3580	numrun=seed
100	1	28	3955	2648	numrun=seed
100	1	29	3902	4455	numrun=seed
100	1	30	3901	3392	numrun=seed
100	1	31	3893	5091	numrun=seed
100	1	32	3901	4686	numrun=seed
100	1	33	3776	2849	numrun=seed
100	1	34	3826	3615	numrun=seed
100	1	35	3934	4050	numrun=seed
100	1	36	3919	4794	numrun=seed
100	1	37	3892	2998	numrun=seed
100	1	38	3873	3049	numrun=seed
100	1	39	3915	3716	numrun=seed
100	1	40	3915	4788	numrun=seed
100	1	41	3899	5327	numrun=seed
100	1	42	3851	4725	numrun=seed
100	1	43	3873	4707	numrun=seed
100	1	44	3823	4890	numrun=seed
100	1	45	3818	2966	numrun=seed
100	1	46	3915	4333	numrun=seed
100	1	47	3839	4222	numrun=seed
100	1	48	3934	4356	numrun=seed
100	1	49	3873	2789	numrun=seed
100	1	50	3926	3379	numrun=seed
100	1	51	3955	4536	numrun=seed
100	1	52	3926	3057	numrun=seed
100	1	53	3901	5548	numrun=seed
100	1	54	3915	3518	numrun=seed
100	1	55	3901	2027	numrun=seed
100	1	56	3915	2766	numrun=seed
100	1	57	3827	4394	numrun=seed
100	1	58	3914	3857	numrun=seed
100	1	59	3915	4876	numrun=seed
100	1	60	3926	3530	numrun=seed
100	1	61	3934	4075	numrun=seed
100	1	62	3899	3499	numrun=seed
100	1	63	3818	4149	numrun=seed
100	1	64	3934	3916	numrun=seed
100	1	65	3899	4566	numrun=seed
100	1	66	3929	4461	numrun=seed
100	1	67	3865	5795	numrun=seed
100	1	68	3915	4972	numrun=seed
100	1	69	3777	4424	numrun=seed
100	1	70	3852	3627	numrun=seed
100	1	71	3934	3850	numrun=seed
100	1	72	3899	4356	numrun=seed
100	1	73	3941	3316	numrun=seed
100	1	74	3929	3840	numrun=seed
100	1	75	3955	3865	numrun=seed
100	1	76	3900	3040	numrun=seed
100	1	77	3802	3319	numrun=seed
100	1	78	3929	4293	numrun=seed
100	1	79	3871	3618	numrun=seed
100	1	80	3934	3180	numrun=seed
100	1	81	3926	4488	numrun=seed
100	1	82	3926	3271	numrun=seed
100	1	83	3934	3429	numrun=seed
100	1	84	3858	2884	numrun=seed
100	1	85	3926	4156	numrun=seed
100	1	86	3906	3877	numrun=seed
100	1	87	3955	4711	numrun=seed
100	1	88	3929	5128	numrun=seed
100	1	89	3878	3382	numrun=seed
100	1	90	3902	4161	numrun=seed
100	1	91	3897	3191	numrun=seed
100	1	92	3902	4252	numrun=seed
100	1	93	3929	4803	numrun=seed
100	1	94	3941	4163	numrun=seed
100	1	95	3919	4902	numrun=seed
100	1	96	3897	3387	numrun=seed
100	1	97	3899	4794	numrun=seed
100	1	98	3955	3749	numrun=seed
100	1	99	3901	3183	numrun=seed
100	1	100	3839	4793	numrun=seed
100	1	101	3867	5063	numrun=seed
100	1	102	3934	3185	numrun=seed
100	1	103	3863	3164	numrun=seed
100	1	104	3901	4593	numrun=seed
100	1	105	3901	4875	numrun=seed
100	1	106	3941	3596	numrun=seed
100	1	107	3929	4807	numrun=seed
100	1	108	3867	4128	numrun=seed
100	1	109	3767	3347	numrun=seed
100	1	110	3814	4419	numrun=seed
100	1	111	3929	4633	numrun=seed
100	1	112	3826	4247	numrun=seed
100	1	113	3901	4368	numrun=seed
100	1	114	3856	2561	numrun=seed
100	1	115	3955	4791	numrun=seed
100	1	116	3899	3954	numrun=seed
100	1	117	3926	3200	numrun=seed
100	1	118	3934	3927	numrun=seed
100	1	119	3934	5113	numrun=seed
100	1	120	3926	4586	numrun=seed
100	1	121	3886	3276	numrun=seed
100	1	122	3955	2743	numrun=seed
100	1	123	3902	3930	numrun=seed
100	1	124	3919	3519	numrun=seed
100	1	125	3915	3843	numrun=seed
100	1	126	3901	3481	numrun=seed
100	1	127	3867	4318	numrun=seed
100	1	128	3915	4572	numrun=seed
100	1	129	3899	5300	numrun=seed
100	1	130	3934	2756	numrun=seed
100	1	131	3934	4062	numrun=seed
100	1	132	3915	4505	numrun=seed
100	1	133	3955	3720	numrun=seed
100	1	134	3932	2891	numrun=seed
100	1	135	3897	4783	numrun=seed
100	1	136	3926	4699	numrun=seed
100	1	137	3829	4259	numrun=seed
100	1	138	3867	3519	numrun=seed
100	1	139	3934	3850	numrun=seed
100	1	140	3906	3710	numrun=seed
100	1	141	3926	3500	numrun=seed
100	1	142	3929	5192	numrun=seed
100	1	143	3926	3296	numrun=seed
100	1	144	3934	3617	numrun=seed
100	1	145	3934	5223	numrun=seed
100	1	146	3901	3611	numrun=seed
100	1	147	3867	5606	numrun=seed
100	1	148	3901	5231	numrun=seed
100	1	149	3886	2208	numrun=seed
100	1	150	3929	3608	numrun=seed
100	1	151	3934	4341	numrun=seed
100	1	152	3926	2883	numrun=seed
100	1	153	3915	3443	numrun=seed
100	1	154	3852	2975	numrun=seed
100	1	155	3915	4497	numrun=seed
100	1	156	3934	4285	numrun=seed
100	1	157	3795	3451	numrun=seed
100	1	158	3878	4912	numrun=seed
100	1	159	3934	6169	numrun=seed
100	1	160	3934	4199	numrun=seed
100	1	161	3878	2957	numrun=seed
100	1	162	3901	3892	numrun=seed
100	1	163	3929	2965	numrun=seed
100	1	164	3902	4588	numrun=seed
100	1	165	3906	2442	numrun=seed
100	1	166	3955	3856	numrun=seed
100	1	167	3869	5679	numrun=seed
100	1	168	3955	4254	numrun=seed
100	1	169	3929	3628	numrun=seed
100	1	170	3901	3957	numrun=seed
100	1	171	3900	4237	numrun=seed
100	1	172	3934	5125	numrun=seed
100	1	173	3934	3541	numrun=seed
100	1	174	3771	3640	numrun=seed
100	1	175	3934	3416	numrun=seed
100	1	176	3932	3289	numrun=seed
100	1	177	3841	4052	numrun=seed
100	1	178	3915	3642	numrun=seed
100	1	179	3902	5550	numrun=seed
100	1	180	3915	3541	numrun=seed
100	1	181	3929	3753	numrun=seed
100	1	182	3867	3215	numrun=seed
100	1	183	3901	3757	numrun=seed
100	1	184	3926	2463	numrun=seed
100	1	185	3926	4464	numrun=seed
100	1	186	3934	4479	numrun=seed
100	1	187	3818	4170	numrun=seed
100	1	188	3934	3857	numrun=seed
100	1	189	3842	4482	numrun=seed
100	1	190	3858	3894	numrun=seed
100	1	191	3818	2979	numrun=seed
100	1	192	3934	4048	numrun=seed
100	1	193	3906	2957	numrun=seed
100	1	194	3882	3608	numrun=seed
100	1	195	3902	4024	numrun=seed
100	1	196	3892	4122	numrun=seed
100	1	197	3934	4116	numrun=seed
100	1	198	3875	4067	numrun=seed
100	1	199	3915	4478	numrun=seed
100	1	200	3865	4386	numrun=seed
100	1	201	3888	3251	numrun=seed
100	1	202	3926	4447	numrun=seed
100	1	203	3915	2978	numrun=seed
100	1	204	3875	3643	numrun=seed
100	1	205	3934	3647	numrun=seed
100	1	206	3934	3954	numrun=seed
100	1	207	3900	2421	numrun=seed
100	1	208	3915	3104	numrun=seed
100	1	209	3869	5568	numrun=seed
100	1	210	3808	4198	numrun=seed
100	1	211	3900	3301	numrun=seed
100	1	212	3934	4036	numrun=seed
100	1	213	3901	3208	numrun=seed
100	1	214	3955	4046	numrun=seed
100	1	215	3901	4434	numrun=seed
100	1	216	3901	5295	numrun=seed
100	1	217	3901	5058	numrun=seed
100	1	218	3899	4580	numrun=seed
100	1	219	3817	4577	numrun=seed
100	1	220	3926	3714	numrun=seed
100	1	221	3929	3742	numrun=seed
100	1	222	3926	5821	numrun=seed
100	1	223	3867	5201	numrun=seed
100	1	224	3955	4703	numrun=seed
100	1	225	3955	4337	numrun=seed
100	1	226	3897	4707	numrun=seed
100	1	227	3919	3910	numrun=seed
100	1	228	3902	4167	numrun=seed
100	1	229	3865	3710	numrun=seed
100	1	230	3894	5549	numrun=seed
100	1	231	3899	4811	numrun=seed
100	1	232	3955	2984	numrun=seed
100	1	233	3934	3723	numrun=seed
100	1	234	3899	3716	numrun=seed
100	1	235	3867	3513	numrun=seed
100	1	236	3955	5167	numrun=seed
100	1	237	3901	3911	numrun=seed
100	1	238	3901	3925	numrun=seed
100	1	239	3869	5565	numrun=seed
100	1	240	3901	4019	numrun=seed
100	1	241	3901	5391	numrun=seed
100	1	242	3818	3632	numrun=seed
100	1	243	3941	4280	numrun=seed
100	1	244	3929	4574	numrun=seed
100	1	245	3901	3278	numrun=seed
100	1	246	3901	5242	numrun=seed
100	1	247	3869	4799	numrun=seed
100	2	0	5542	3393	numrun=seed
100	2	1	5589	4125	numrun=seed
100	2	2	5539	1674	numrun=seed
100	2	3	5542	3855	numrun=seed
100	2	4	5560	3078	numrun=seed
100	2	5	5533	2944	numrun=seed
100	2	6	5584	4548	numrun=seed
100	2	7	5571	3504	numrun=seed
100	2	8	5575	3805	numrun=seed
100	2	9	5542	2527	numrun=seed
100	2	10	5575	2934	numrun=seed
100	2	11	5571	2217	numrun=seed
100	2	12	5571	2507	numrun=seed
100	2	13	5542	2969	numrun=seed
100	2	14	5499	2638	numrun=seed
100	2	15	5575	3805	numrun=seed
100	2	16	5542	4003	numrun=seed
100	2	17	5584	2827	numrun=seed
100	2	18	5542	3296	numrun=seed
100	2	19	5575	2838	numrun=seed
100	2	20	5542	4014	numrun=seed
100	2	21	5584	3379	numrun=seed
100	2	22	5589	3081	numrun=seed
100	2	23	5542	3890	numrun=seed
100	2	24	5562	3053	numrun=seed
100	2	25	5558	3898	numrun=seed
100	2	26	5582	2426	numrun=seed
100	2	27	5584	5369	numrun=seed
100	2	28	5584	3443	numrun=seed
100	2	29	5575	3806	numrun=seed
100	2	30	5533	3048	numrun=seed
100	2	31	5584	3361	numrun=seed
100	2	32	5580	3372	numrun=seed
100	2	33	5584	2842	numrun=seed
100	2	34	5584	2529	numrun=seed
100	2	35	5584	3462	numrun=seed
100	2	36	5584	3466	numrun=seed
100	2	37	5542	2229	numrun=seed
100	2	38	5584	4836	numrun=seed
100	2	39	5533	4183	numrun=seed
100	2	40	5539	3354	numrun=seed
100	2	41	5584	2843	numrun=seed
100	2	42	5584	3256	numrun=seed
100	2	43	5584	2842	numrun=seed
100	2	44	5584	2942	numrun=seed
100	2	45	5542	2965	numrun=seed
100	2	46	5542	3675	numrun=seed
100	2	47	5575	2322	numrun=seed
100	2	48	5562	1891	numrun=seed
100	2	49	5575	3694	numrun=seed
100	2	50	5584	2718	numrun=seed
100	2	51	5589	2320	numrun=seed
100	2	52	5533	3345	numrun=seed
100	2	53	5575	3885	numrun=seed
100	2	54	5523	2730	numrun=seed
100	2	55	5542	3684	numrun=seed
100	2	56	5584	3779	numrun=seed
100	2	57	5584	3544	numrun=seed
100	2	58	5575	3156	numrun=seed
100	2	59	5560	1900	numrun=seed
100	2	60	5560	3387	numrun=seed
100	2	61	5542	3675	numrun=seed
100	2	62	5584	3784	numrun=seed
100	2	63	5542	3488	numrun=seed
100	2	64	5584	2642	numrun=seed
100	2	65	5587	2089	numrun=seed
100	2	66	5542	2431	numrun=seed
100	2	67	5584	2108	numrun=seed
100	2	68	5584	3586	numrun=seed
100	2	69	5584	3904	numrun=seed
100	2	70	5575	3795	numrun=seed
100	2	71	5584	4089	numrun=seed
100	2	72	5584	3919	numrun=seed
100	2	73	5542	2975	numrun=seed
100	2	74	5589	3466	numrun=seed
100	2	75	5589	3059	numrun=seed
100	2	76	5542	4015	numrun=seed
100	2	77	5584	4740	numrun=seed
100	2	78	5516	2766	numrun=seed
100	2	79	5532	3849	numrun=seed
100	2	80	5562	3792	numrun=seed
100	2	81	5542	3261	numrun=seed
100	2	82	5558	2734	numrun=seed
100	2	83	5542	2878	numrun=seed
100	2	84	5542	2836	numrun=seed
100	2	85	5461	2005	numrun=seed
100	2	86	5558	2521	numrun=seed
100	2	87	5584	3239	numrun=seed
100	2	88	5533	3066	numrun=seed
100	2	89	5584	3602	numrun=seed
100	2	90	5532	3065	numrun=seed
100	2	91	5562	2851	numrun=seed
100	2	92	5584	4333	numrun=seed
100	2	93	5542	3710	numrun=seed
100	2	94	5584	2945	numrun=seed
100	2	95	5533	3055	numrun=seed
100	2	96	5571	2946	numrun=seed
100	2	97	5523	2215	numrun=seed
100	2	98	5589	3262	numrun=seed
100	2	99	5584	2737	numrun=seed
100	2	100	5575	4081	numrun=seed
100	2	101	5542	3346	numrun=seed
100	2	102	5584	2635	numrun=seed
100	2	103	5575	3155	numrun=seed
100	2	104	5584	3138	numrun=seed
100	2	105	5542	3713	numrun=seed
100	2	106	5578	5764	numrun=seed
100	2	107	5584	2928	numrun=seed
100	2	108	5584	3906	numrun=seed
100	2	109	5575	3807	numrun=seed
100	2	110	5491	2944	numrun=seed
100	2	111	5489	2100	numrun=seed
100	2	112	5571	3918	numrun=seed
100	2	113	5542	4027	numrun=seed
100	2	114	5584	4161	numrun=seed
100	2	115	5584	3388	numrun=seed
100	2	116	5571	3558	numrun=seed
100	2	117	5575	2940	numrun=seed
100	2	118	5584	2522	numrun=seed
100	2	119	5584	3243	numrun=seed
100	2	120	5582	2519	numrun=seed
100	2	121	5542	3247	numrun=seed
100	2	122	5589	3066	numrun=seed
100	2	123	5575	1985	numrun=seed
100	2	124	5584	2100	numrun=seed
100	2	125	5584	4107	numrun=seed
100	2	126	5542	3906	numrun=seed
100	2	127	5575	3887	numrun=seed
100	2	128	5575	4077	numrun=seed
100	2	129	5584	3144	numrun=seed
100	2	130	5542	3084	numrun=seed
100	2	131	5539	3359	numrun=seed
100	2	132	5584	3690	numrun=seed
100	2	133	5571	3324	numrun=seed
100	2	134	5542	3583	numrun=seed
100	2	135	5575	4103	numrun=seed
100	2	136	5529	2548	numrun=seed
100	2	137	5584	3059	numrun=seed
100	2	138	5584	3153	numrun=seed
100	2	139	5584	2837	numrun=seed
100	2	140	5571	2644	numrun=seed
100	2	141	5542	2515	numrun=seed
100	2	142	5542	3074	numrun=seed
100	2	143	5542	2420	numrun=seed
100	2	144	5558	2208	numrun=seed
100	2	145	5571	2928	numrun=seed
100	2	146	5542	3179	numrun=seed
100	2	147	5529	2952	numrun=seed
100	2	148	5560	3052	numrun=seed
100	2	149	5584	3717	numrun=seed
100	2	150	5584	2626	numrun=seed
100	2	151	5542	2210	numrun=seed
100	2	152	5584	3580	numrun=seed
100	2	153	5584	2741	numrun=seed
100	2	154	5575	3883	numrun=seed
100	2	155	5571	2942	numrun=seed
100	2	156	5533	2947	numrun=seed
100	2	157	5575	3482	numrun=seed
100	2	158	5560	4101	numrun=seed
100	2	159	5533	3273	numrun=seed
100	2	160	5542	3164	numrun=seed
100	2	161	5589	3479	numrun=seed
100	2	162	5584	2201	numrun=seed
100	2	163	5584	3136	numrun=seed
100	2	164	5575	4727	numrun=seed
100	2	165	5575	3588	numrun=seed
100	2	166	5533	3594	numrun=seed
100	2	167	5575	2837	numrun=seed
100	2	168	5575	3152	numrun=seed
100	2	169	5575	3894	numrun=seed
100	2	170	5584	3024	numrun=seed
100	2	171	5569	4735	numrun=seed
100	2	172	5539	2215	numrun=seed
100	2	173	5542	3196	numrun=seed
100	2	174	5584	2503	numrun=seed
100	2	175	5542	3069	numrun=seed
100	2	176	5574	2396	numrun=seed
100	2	177	5584	3658	numrun=seed
100	2	178	5560	2847	numrun=seed
100	2	179	5575	3471	numrun=seed
100	2	180	5575	2210	numrun=seed
100	2	181	5584	3376	numrun=seed
100	2	182	5558	3910	numrun=seed
100	2	183	5584	4440	numrun=seed
100	2	184	5575	4288	numrun=seed
100	2	185	5589	3377	numrun=seed
100	2	186	5533	2845	numrun=seed
100	2	187	5584	3175	numrun=seed
100	2	188	5533	3687	numrun=seed
100	2	189	5562	2831	numrun=seed
100	2	190	5558	2945	numrun=seed
100	2	191	5584	2425	numrun=seed
100	2	192	5575	3167	numrun=seed
100	2	193	5584	3697	numrun=seed
100	2	194	5571	3538	numrun=seed
100	2	195	5575	2112	numrun=seed
100	2	196	5575	2543	numrun=seed
100	2	197	5571	3033	numrun=seed
100	2	198	5571	2010	numrun=seed
100	2	199	5542	2101	numrun=seed
100	2	200	5584	3254	numrun=seed
100	2	201	5584	3690	numrun=seed
100	2	202	5571	2087	numrun=seed
100	2	203	5584	3068	numrun=seed
100	2	204	5533	3494	numrun=seed
100	2	205	5575	3472	numrun=seed
100	2	206	5532	3150	numrun=seed
100	2	207	5571	3680	numrun=seed
100	2	208	5587	2861	numrun=seed
100	2	209	5584	2623	numrun=seed
100	2	210	5575	3588	numrun=seed
100	2	211	5571	2426	numrun=seed
100	2	212	5529	2644	numrun=seed
100	2	213	5575	2749	numrun=seed
100	2	214	5532	2730	numrun=seed
100	2	215	5542	3292	numrun=seed
100	2	216	5560	3275	numrun=seed
100	2	217	5584	3159	numrun=seed
100	2	218	5542	3170	numrun=seed
100	2	219	5589	3056	numrun=seed
100	2	220	5542	2754	numrun=seed
100	2	221	5542	2849	numrun=seed
100	2	222	5589	2727	numrun=seed
100	2	223	5584	3246	numrun=seed
100	2	224	5491	3157	numrun=seed
100	2	225	5589	2618	numrun=seed
100	2	226	5584	3916	numrun=seed
100	2	227	5533	3554	numrun=seed
100	2	228	5571	2936	numrun=seed
100	2	229	5539	3448	numrun=seed
100	2	230	5589	2200	numrun=seed
100	2	231	5584	4169	numrun=seed
100	2	232	5558	3067	numrun=seed
100	2	233	5584	2730	numrun=seed
100	2	234	5560	3687	numrun=seed
100	2	235	5560	4508	numrun=seed
100	2	236	5584	3041	numrun=seed
100	2	237	5533	3259	numrun=seed
100	2	238	5542	3490	numrun=seed
100	2	239	5502	2863	numrun=seed
100	2	240	5589	2515	numrun=seed
100	2	241	5575	2970	numrun=seed
100	2	242	5584	2930	numrun=seed
100	2	243	5542	3397	numrun=seed
100	2	244	5585	2839	numrun=seed
100	2	245	5542	3686	numrun=seed
100	2	246	5575	2520	numrun=seed
100	2	247	5560	3066	numrun=seed
100	2	248	5441	2851	numrun=seed
100	2	249	5542	3920	numrun=seed
100	2	250	5589	2647	numrun=seed
100	2	251	5584	4428	numrun=seed
100	2	252	5490	2941	numrun=seed
100	2	253	5542	3164	numrun=seed
100	2	254	5584	3167	numrun=seed
100	2	255	5584	3363	numrun=seed
100	2	256	5584	3151	numrun=seed
100	2	257	5571	1995	numrun=seed
100	2	258	5542	2848	numrun=seed
100	2	259	5584	2727	numrun=seed
100	2	260	5551	4085	numrun=seed
100	2	261	5533	4010	numrun=seed
100	2	262	5575	3982	numrun=seed
100	2	263	5584	3179	numrun=seed
100	2	264	5584	2314	numrun=seed
100	2	265	5490	3061	numrun=seed
100	2	266	5584	3924	numrun=seed
100	2	267	5575	2403	numrun=seed
100	2	268	5539	2434	numrun=seed
100	2	269	5533	3158	numrun=seed
100	2	270	5584	4966	numrun=seed
100	2	271	5584	5173	numrun=seed
100	2	272	5549	4347	numrun=seed
100	2	273	5575	3550	numrun=seed
100	2	274	5584	1990	numrun=seed
100	2	275	5558	2403	numrun=seed
100	2	276	5562	3784	numrun=seed
100	2	277	5589	3668	numrun=seed
100	2	278	5584	3030	numrun=seed
100	2	279	5529	1997	numrun=seed
100	2	280	5560	2227	numrun=seed
100	2	281	5558	3888	numrun=seed
100	2	282	5575	4119	numrun=seed
100	2	283	5533	4638	numrun=seed
100	2	284	5589	3463	numrun=seed
100	2	285	5533	3175	numrun=seed
100	2	286	5460	3891	numrun=seed
100	2	287	5542	3695	numrun=seed
100	2	288	5584	3554	numrun=seed
100	2	289	5558	2196	numrun=seed
100	2	290	5560	3584	numrun=seed
100	2	291	5575	1788	numrun=seed
100	2	292	5584	4245	numrun=seed
100	2	293	5533	2833	numrun=seed
100	2	294	5584	3477	numrun=seed
100	2	295	5584	3136	numrun=seed
100	2	296	5589	2949	numrun=seed
100	2	297	5542	4421	numrun=seed
100	2	298	5589	4529	numrun=seed
100	2	299	5542	3805	numrun=seed
100	2	300	5584	3367	numrun=seed
100	2	301	5575	3696	numrun=seed
100	2	302	5542	4303	numrun=seed
100	2	303	5542	3280	numrun=seed
100	2	304	5584	2499	numrun=seed
100	2	305	5584	3582	numrun=seed
100	2	306	5571	3142	numrun=seed
100	2	307	5560	2950	numrun=seed
100	2	308	5542	3594	numrun=seed
100	3	0	6451	1780	numrun=seed
100	3	1	6478	2088	numrun=seed
100	3	2	6449	2184	numrun=seed
100	3	3	6422	2489	numrun=seed
100	3	4	6418	1792	numrun=seed
100	3	5	6478	2699	numrun=seed
100	3	6	6449	2947	numrun=seed
100	3	7	6478	2969	numrun=seed
100	3	8	6478	1973	numrun=seed
100	3	9	6449	2399	numrun=seed
100	3	10	6451	2293	numrun=seed
100	3	11	6449	3762	numrun=seed
100	3	12	6478	2813	numrun=seed
100	3	13	6449	4309	numrun=seed
100	3	14	6478	2710	numrun=seed
100	3	15	6478	3125	numrun=seed
100	3	16	6422	1456	numrun=seed
100	3	17	6451	1662	numrun=seed
100	3	18	6449	2724	numrun=seed
100	3	19	6478	1778	numrun=seed
100	3	20	6478	2945	numrun=seed
100	3	21	6478	2716	numrun=seed
100	3	22	6478	1660	numrun=seed
100	3	23	6478	1355	numrun=seed
100	3	24	6478	2089	numrun=seed
100	3	25	6371	1888	numrun=seed
100	3	26	6478	3126	numrun=seed
100	3	27	6449	3455	numrun=seed
100	3	28	6451	3141	numrun=seed
100	3	29	6449	2279	numrun=seed
100	3	30	6449	2743	numrun=seed
100	3	31	6449	3564	numrun=seed
100	3	32	6449	1878	numrun=seed
100	3	33	6449	2419	numrun=seed
100	3	34	6422	2173	numrun=seed
100	3	35	6478	3343	numrun=seed
100	3	36	6478	2381	numrun=seed
100	3	37	6449	2847	numrun=seed
100	3	38	6451	2082	numrun=seed
100	3	39	6449	2946	numrun=seed
100	3	40	6449	2948	numrun=seed
100	3	41	6478	2712	numrun=seed
100	3	42	6478	1686	numrun=seed
100	3	43	6478	2824	numrun=seed
100	3	44	6478	3766	numrun=seed
100	3	45	6478	3666	numrun=seed
100	3	46	6451	1861	numrun=seed
100	3	47	6449	1867	numrun=seed
100	3	48	6449	2099	numrun=seed
100	3	49	6449	2410	numrun=seed
100	3	50	6478	1875	numrun=seed
100	3	51	6449	2513	numrun=seed
100	3	52	6451	2992	numrun=seed
100	3	53	6449	2400	numrun=seed
100	3	54	6449	3775	numrun=seed
100	3	55	6418	2298	numrun=seed
100	3	56	6451	2795	numrun=seed
100	3	57	6449	2303	numrun=seed
100	3	58	6478	3049	numrun=seed
100	3	59	6449	1972	numrun=seed
100	3	60	6478	3544	numrun=seed
100	3	61	6478	3247	numrun=seed
100	3	62	6366	1911	numrun=seed
100	3	63	6422	2299	numrun=seed
100	3	64	6478	2291	numrun=seed
100	3	65	6478	2591	numrun=seed
100	3	66	6478	3949	numrun=seed
100	3	67	6478	2101	numrun=seed
100	3	68	6449	2751	numrun=seed
100	3	69	6478	1354	numrun=seed
100	3	70	6449	2301	numrun=seed
100	3	71	6478	2303	numrun=seed
100	3	72	6478	2278	numrun=seed
100	3	73	6478	3328	numrun=seed
100	3	74	6478	2180	numrun=seed
100	3	75	6478	2590	numrun=seed
100	3	76	6478	2965	numrun=seed
100	3	77	6422	2822	numrun=seed
100	3	78	6449	3267	numrun=seed
100	3	79	6478	1878	numrun=seed
100	3	80	6449	2384	numrun=seed
100	3	81	6449	2204	numrun=seed
100	3	82	6422	2902	numrun=seed
100	3	83	6478	2296	numrun=seed
100	3	84	6478	1433	numrun=seed
100	3	85	6478	2202	numrun=seed
100	3	86	6449	3366	numrun=seed
100	3	87	6418	2104	numrun=seed
100	3	88	6478	2070	numrun=seed
100	3	89	6478	2645	numrun=seed
100	3	90	6451	2595	numrun=seed
100	3	91	6449	2727	numrun=seed
100	3	92	6478	2706	numrun=seed
100	3	93	6451	2183	numrun=seed
100	3	94	6478	2798	numrun=seed
100	3	95	6422	3019	numrun=seed
100	3	96	6478	2919	numrun=seed
100	3	97	6478	2387	numrun=seed
100	3	98	6449	3255	numrun=seed
100	3	99	6451	1247	numrun=seed
100	3	100	6478	2496	numrun=seed
100	3	101	6478	3039	numrun=seed
100	3	102	6366	2216	numrun=seed
100	3	103	6449	3037	numrun=seed
100	3	104	6449	3264	numrun=seed
100	3	105	6478	2277	numrun=seed
100	3	106	6478	3053	numrun=seed
100	3	107	6422	3241	numrun=seed
100	3	108	6449	2504	numrun=seed
100	3	109	6478	2174	numrun=seed
100	3	110	6451	3772	numrun=seed
100	3	111	6478	1555	numrun=seed
100	3	112	6449	2414	numrun=seed
100	3	113	6478	2411	numrun=seed
100	3	114	6478	2763	numrun=seed
100	3	115	6449	2846	numrun=seed
100	3	116	6478	1666	numrun=seed
100	3	117	6422	2420	numrun=seed
100	3	118	6478	1652	numrun=seed
100	3	119	6449	2526	numrun=seed
100	3	120	6422	2577	numrun=seed
100	3	121	6478	2629	numrun=seed
100	3	122	6478	1776	numrun=seed
100	3	123	6449	2933	numrun=seed
100	3	124	6478	2513	numrun=seed
100	3	125	6422	1674	numrun=seed
100	3	126	6418	3237	numrun=seed
100	3	127	6478	3773	numrun=seed
100	3	128	6478	1984	numrun=seed
100	3	129	6451	3342	numrun=seed
100	3	130	6449	1990	numrun=seed
100	3	131	6478	2094	numrun=seed
100	3	132	6422	3259	numrun=seed
100	3	133	6451	2926	numrun=seed
100	3	134	6449	1250	numrun=seed
100	3	135	6478	2722	numrun=seed
100	3	136	6478	1866	numrun=seed
100	3	137	6478	3213	numrun=seed
100	3	138	6449	2918	numrun=seed
100	3	139	6449	2932	numrun=seed
100	3	140	6478	2493	numrun=seed
100	3	141	6478	2517	numrun=seed
100	3	142	6478	2505	numrun=seed
100	3	143	6478	2492	numrun=seed
100	3	144	6449	3051	numrun=seed
100	3	145	6451	3100	numrun=seed
100	3	146	6451	1454	numrun=seed
100	3	147	6422	2282	numrun=seed
100	3	148	6422	3022	numrun=seed
100	3	149	6478	3571	numrun=seed
100	3	150	6478	1998	numrun=seed
100	3	151	6422	2417	numrun=seed
100	3	152	6449	2848	numrun=seed
100	3	153	6449	1878	numrun=seed
100	3	154	6478	2501	numrun=seed
100	3	155	6366	2325	numrun=seed
100	3	156	6449	1869	numrun=seed
100	3	157	6478	1665	numrun=seed
100	3	158	6478	2182	numrun=seed
100	3	159	6449	2843	numrun=seed
100	3	160	6451	2092	numrun=seed
100	3	161	6451	1140	numrun=seed
100	3	162	6478	3016	numrun=seed
100	3	163	6366	2932	numrun=seed
100	3	164	6478	2406	numrun=seed
100	3	165	6478	2902	numrun=seed
100	3	166	6478	3323	numrun=seed
100	3	167	6449	3369	numrun=seed
100	3	168	6449	2207	numrun=seed
100	3	169	6449	2714	numrun=seed
100	3	170	6478	1350	numrun=seed
100	3	171	6449	2822	numrun=seed
100	3	172	6451	2099	numrun=seed
100	3	173	6478	3244	numrun=seed
100	3	174	6478	1659	numrun=seed
100	3	175	6449	1676	numrun=seed
100	3	176	6478	3955	numrun=seed
100	3	177	6422	2511	numrun=seed
100	3	178	6451	3348	numrun=seed
100	3	179	6478	2389	numrun=seed
100	3	180	6449	2004	numrun=seed
100	3	181	6478	1863	numrun=seed
100	3	182	6478	2295	numrun=seed
100	3	183	6422	3346	numrun=seed
100	3	184	6478	1886	numrun=seed
100	3	185	6449	2307	numrun=seed
100	3	186	6478	3656	numrun=seed
100	3	187	6478	1954	numrun=seed
100	3	188	6449	3256	numrun=seed
100	3	189	6449	2418	numrun=seed
100	3	190	6478	2279	numrun=seed
100	3	191	6478	2081	numrun=seed
100	3	192	6449	1997	numrun=seed
100	3	193	6478	2301	numrun=seed
100	3	194	6478	1567	numrun=seed
100	3	195	6451	2714	numrun=seed
100	3	196	6478	3133	numrun=seed
100	3	197	6478	3654	numrun=seed
100	3	198	6478	3682	numrun=seed
100	3	199	6478	2078	numrun=seed
100	3	200	6449	2847	numrun=seed
100	3	201	6449	2215	numrun=seed
100	3	202	6478	2931	numrun=seed
100	3	203	6478	2179	numrun=seed
100	3	204	6478	1874	numrun=seed
100	3	205	6478	1760	numrun=seed
100	3	206	6478	2753	numrun=seed
100	3	207	6451	2083	numrun=seed
100	3	208	6478	2200	numrun=seed
100	3	209	6478	1464	numrun=seed
100	3	210	6422	1862	numrun=seed
100	3	211	6449	1996	numrun=seed
100	3	212	6422	3061	numrun=seed
100	3	213	6478	3137	numrun=seed
100	3	214	6478	1968	numrun=seed
100	3	215	6478	2799	numrun=seed
100	3	216	6478	1568	numrun=seed
100	3	217	6478	3017	numrun=seed
100	3	218	6449	1574	numrun=seed
100	3	219	6422	2597	numrun=seed
100	3	220	6422	3262	numrun=seed
100	3	221	6478	2630	numrun=seed
100	3	222	6449	2868	numrun=seed
100	3	223	6478	2311	numrun=seed
100	3	224	6449	2621	numrun=seed
100	3	225	6478	1772	numrun=seed
100	3	226	6418	1890	numrun=seed
100	3	227	6422	2196	numrun=seed
100	3	228	6478	2698	numrun=seed
100	3	229	6478	2287	numrun=seed
100	3	230	6451	1448	numrun=seed
100	3	231	6422	1553	numrun=seed
100	3	232	6449	2518	numrun=seed
100	3	233	6478	2122	numrun=seed
100	3	234	6478	3338	numrun=seed
100	3	235	6478	1964	numrun=seed
100	3	236	6478	1778	numrun=seed
100	3	237	6418	1900	numrun=seed
100	3	238	6422	3259	numrun=seed
100	3	239	6451	2085	numrun=seed
100	3	240	6478	2299	numrun=seed
100	3	241	6478	2755	numrun=seed
100	3	242	6449	2633	numrun=seed
100	3	243	6478	2084	numrun=seed
100	3	244	6478	1985	numrun=seed
100	3	245	6449	3352	numrun=seed
100	3	246	6478	2494	numrun=seed
100	3	247	6451	3340	numrun=seed
100	3	248	6478	2934	numrun=seed
100	3	249	6449	2426	numrun=seed
100	3	250	6478	2333	numrun=seed
100	3	251	6422	5531	numrun=seed
100	3	252	6478	1873	numrun=seed
100	3	253	6478	4181	numrun=seed
100	3	254	6422	3049	numrun=seed
100	3	255	6449	3688	numrun=seed
100	3	256	6478	3124	numrun=seed
100	3	257	6478	3528	numrun=seed
100	3	258	6478	2403	numrun=seed
100	3	259	6449	3360	numrun=seed
100	3	260	6449	1778	numrun=seed
100	3	261	6478	3207	numrun=seed
100	3	262	6449	2406	numrun=seed
100	3	263	6449	2722	numrun=seed
100	3	264	6478	1869	numrun=seed
100	3	265	6478	3190	numrun=seed
100	3	266	6449	3047	numrun=seed
100	3	267	6449	2953	numrun=seed
100	3	268	6478	1978	numrun=seed
100	3	269	6449	1577	numrun=seed
100	3	270	6478	2496	numrun=seed
100	3	271	6449	2952	numrun=seed
100	3	272	6478	2798	numrun=seed
100	3	273	6449	2097	numrun=seed
100	3	274	6478	2006	numrun=seed
100	3	275	6451	3343	numrun=seed
100	3	276	6366	2318	numrun=seed
100	3	277	6449	2819	numrun=seed
100	3	278	6449	3458	numrun=seed
100	3	279	6451	2404	numrun=seed
100	3	280	6478	3042	numrun=seed
100	3	281	6449	2632	numrun=seed
100	3	282	6478	2071	numrun=seed
100	3	283	6478	2078	numrun=seed
100	3	284	6478	2337	numrun=seed
100	3	285	6449	2719	numrun=seed
100	3	286	6451	3443	numrun=seed
100	3	287	6451	1544	numrun=seed
100	3	288	6449	2934	numrun=seed
100	3	289	6449	2949	numrun=seed
100	3	290	6478	2793	numrun=seed
100	3	291	6451	1559	numrun=seed
100	3	292	6449	2613	numrun=seed
100	3	293	6449	1663	numrun=seed
100	3	294	6449	2697	numrun=seed
100	3	295	6449	4401	numrun=seed
100	3	296	6478	1774	numrun=seed
100	3	297	6449	2531	numrun=seed
100	3	298	6478	2420	numrun=seed
100	3	299	6449	2497	numrun=seed
100	3	300	6449	3283	numrun=seed
100	3	301	6478	2069	numrun=seed
100	3	302	6478	2599	numrun=seed
100	3	303	6451	4382	numrun=seed
100	3	304	6449	1777	numrun=seed
100	3	305	6451	3131	numrun=seed
100	3	306	6478	2187	numrun=seed
100	3	307	6422	4076	numrun=seed
100	3	308	6449	2622	numrun=seed
100	3	309	6449	1668	numrun=seed
100	3	310	6478	3128	numrun=seed
100	3	311	6478	3975	numrun=seed
100	3	312	6449	2191	numrun=seed
100	3	313	6451	3131	numrun=seed
100	3	314	6478	2080	numrun=seed
100	3	315	6478	2272	numrun=seed
100	3	316	6478	2714	numrun=seed
100	3	317	6478	1887	numrun=seed
100	3	318	6478	2276	numrun=seed
100	3	319	6478	2308	numrun=seed
100	3	320	6478	2676	numrun=seed
100	3	321	6478	2317	numrun=seed
100	3	322	6478	2316	numrun=seed
100	3	323	6478	2290	numrun=seed
100	3	324	6449	3455	numrun=seed
100	3	325	6478	2275	numrun=seed
100	3	326	6449	2303	numrun=seed
100	3	327	6451	3315	numrun=seed
100	3	328	6478	3768	numrun=seed
100	3	329	6449	2846	numrun=seed
100	3	330	6478	3430	numrun=seed
100	3	331	6478	1963	numrun=seed
100	3	332	6478	2086	numrun=seed
100	3	333	6449	1981	numrun=seed
100	3	334	6366	2732	numrun=seed
100	3	335	6366	3149	numrun=seed
100	3	336	6478	2280	numrun=seed
100	3	337	6449	2081	numrun=seed
100	3	338	6449	2217	numrun=seed
100	3	339	6478	2524	numrun=seed
100	3	340	6449	1770	numrun=seed
100	3	341	6478	1662	numrun=seed
100	3	342	6478	3687	numrun=seed
100	3	343	6449	1759	numrun=seed
100	3	344	6451	1133	numrun=seed
100	3	345	6449	2212	numrun=seed
100	3	346	6449	2641	numrun=seed
100	3	347	6478	1988	numrun=seed
100	3	348	6366	2956	numrun=seed
100	3	349	6449	2526	numrun=seed
100	3	350	6449	3442	numrun=seed
100	3	351	6418	3040	numrun=seed
100	3	352	6449	3047	numrun=seed
100	3	353	6478	2761	numrun=seed
100	3	354	6478	1982	numrun=seed
100	3	355	6478	1789	numrun=seed
100	3	356	6478	2321	numrun=seed
100	3	357	6478	2200	numrun=seed
100	3	358	6478	1883	numrun=seed
100	3	359	6366	3151	numrun=seed
100	3	360	6449	2523	numrun=seed
100	3	361	6449	2853	numrun=seed
100	3	362	6449	3314	numrun=seed
100	3	363	6449	1561	numrun=seed
100	3	364	6478	3198	numrun=seed
100	3	365	6449	2854	numrun=seed
100	3	366	6449	2105	numrun=seed
100	3	367	6478	1868	numrun=seed
100	3	368	6478	2062	numrun=seed
100	3	369	6451	2735	numrun=seed
100	3	370	6478	2176	numrun=seed
100	3	371	6418	2212	numrun=seed
100	3	372	6478	2194	numrun=seed
100	3	373	6449	1772	numrun=seed
100	3	374	6449	3264	numrun=seed
100	3	375	6449	2100	numrun=seed
100	3	376	6478	2297	numrun=seed
100	3	377	6478	2400	numrun=seed
100	3	378	6449	2097	numrun=seed
100	3	379	6478	1146	numrun=seed
100	3	380	6422	1978	numrun=seed
100	3	381	6361	2002	numrun=seed
100	3	382	6478	1755	numrun=seed
100	3	383	6478	1769	numrun=seed
100	3	384	6418	2294	numrun=seed
100	3	385	6422	2296	numrun=seed
100	3	386	6449	2093	numrun=seed
100	3	387	6478	1565	numrun=seed
100	3	388	6449	2943	numrun=seed
100	3	389	6478	3351	numrun=seed
100	3	390	6449	3561	numrun=seed
100	3	391	6478	4405	numrun=seed
100	3	392	6449	2214	numrun=seed
100	3	393	6478	2406	numrun=seed
100	3	394	6478	2072	numrun=seed
100	4	0	5249	2286	numrun=seed
100	4	1	5303	4179	numrun=seed
100	4	2	5303	2281	numrun=seed
100	4	3	5217	3578	numrun=seed
100	4	4	5219	3053	numrun=seed
100	4	5	5303	3446	numrun=seed
100	4	6	5303	3566	numrun=seed
100	4	7	5303	3034	numrun=seed
100	4	8	5303	2951	numrun=seed
100	4	9	5303	4393	numrun=seed
100	4	10	5303	3129	numrun=seed
100	4	11	5303	3243	numrun=seed
100	4	12	5249	4090	numrun=seed
100	4	13	5249	2970	numrun=seed
100	4	14	5303	2608	numrun=seed
100	4	15	5303	3646	numrun=seed
100	4	16	5303	3700	numrun=seed
100	4	17	5303	3555	numrun=seed
100	4	18	5249	3262	numrun=seed
100	4	19	5303	1879	numrun=seed
100	4	20	5249	4539	numrun=seed
100	4	21	5303	4163	numrun=seed
100	4	22	5303	2823	numrun=seed
100	4	23	5303	3689	numrun=seed
100	4	24	5249	2948	numrun=seed
100	4	25	5303	3040	numrun=seed
100	4	26	5249	3685	numrun=seed
100	4	27	5303	3012	numrun=seed
100	4	28	5303	4204	numrun=seed
100	4	29	5203	2636	numrun=seed
100	4	30	5303	4516	numrun=seed
100	4	31	5253	3583	numrun=seed
100	4	32	5303	3868	numrun=seed
100	4	33	5303	2315	numrun=seed
100	4	34	5303	4289	numrun=seed
100	4	35	5303	2308	numrun=seed
100	4	36	5303	3275	numrun=seed
100	4	37	5253	3577	numrun=seed
100	4	38	5303	2293	numrun=seed
100	4	39	5303	4598	numrun=seed
100	4	40	5303	4101	numrun=seed
100	4	41	5303	3456	numrun=seed
100	4	42	5249	2624	numrun=seed
100	4	43	5303	3886	numrun=seed
100	4	44	5303	4426	numrun=seed
100	4	45	5303	3504	numrun=seed
100	4	46	5303	3061	numrun=seed
100	4	47	5219	4000	numrun=seed
100	4	48	5303	2936	numrun=seed
100	4	49	5249	3383	numrun=seed
100	4	50	5303	3786	numrun=seed
100	4	51	5253	2422	numrun=seed
100	4	52	5303	3471	numrun=seed
100	4	53	5249	2843	numrun=seed
100	4	54	5303	4091	numrun=seed
100	4	55	5203	2121	numrun=seed
100	4	56	5253	3166	numrun=seed
100	4	57	5303	2932	numrun=seed
100	4	58	5303	4606	numrun=seed
100	4	59	5205	4020	numrun=seed
100	4	60	5205	2759	numrun=seed
100	4	61	5303	3115	numrun=seed
100	4	62	5303	3149	numrun=seed
100	4	63	5303	3228	numrun=seed
100	4	64	5253	3914	numrun=seed
100	4	65	5303	2941	numrun=seed
100	4	66	5249	2838	numrun=seed
100	4	67	5303	4521	numrun=seed
100	4	68	5303	2918	numrun=seed
100	4	69	5303	3475	numrun=seed
100	4	70	5303	2095	numrun=seed
100	4	71	5303	3355	numrun=seed
100	4	72	5217	3272	numrun=seed
100	4	73	5303	3164	numrun=seed
100	4	74	5225	2512	numrun=seed
100	4	75	5219	3476	numrun=seed
100	4	76	5249	4070	numrun=seed
100	4	77	5303	2616	numrun=seed
100	4	78	5303	4192	numrun=seed
100	4	79	5303	5035	numrun=seed
100	4	80	5303	3886	numrun=seed
100	4	81	5205	3586	numrun=seed
100	4	82	5303	4048	numrun=seed
100	4	83	5249	3266	numrun=seed
100	4	84	5249	3667	numrun=seed
100	4	85	5253	4844	numrun=seed
100	4	86	5203	2972	numrun=seed
100	4	87	5303	3983	numrun=seed
100	4	88	5219	3781	numrun=seed
100	4	89	5303	3064	numrun=seed
100	4	90	5303	4298	numrun=seed
100	4	91	5303	3549	numrun=seed
100	4	92	5303	2837	numrun=seed
100	4	93	5303	2630	numrun=seed
100	4	94	5303	3139	numrun=seed
100	4	95	5303	3257	numrun=seed
100	4	96	5303	3127	numrun=seed
100	4	97	5303	3233	numrun=seed
100	4	98	5303	3465	numrun=seed
100	4	99	5205	1500	numrun=seed
100	4	100	5205	3174	numrun=seed
100	4	101	5203	4630	numrun=seed
100	4	102	5303	2396	numrun=seed
100	4	103	5303	3761	numrun=seed
100	4	104	5303	4538	numrun=seed
100	4	105	5253	3794	numrun=seed
100	4	106	5249	4281	numrun=seed
100	4	107	5303	2076	numrun=seed
100	4	108	5303	3534	numrun=seed
100	4	109	5253	2944	numrun=seed
100	4	110	5249	4438	numrun=seed
100	4	111	5303	2180	numrun=seed
100	4	112	5303	3024	numrun=seed
100	4	113	5205	3988	numrun=seed
100	4	114	5303	3894	numrun=seed
100	4	115	5303	3554	numrun=seed
100	4	116	5249	4069	numrun=seed
100	4	117	5303	2733	numrun=seed
100	4	118	5205	3996	numrun=seed
100	4	119	5303	4610	numrun=seed
100	4	120	5303	3662	numrun=seed
100	4	121	5303	3140	numrun=seed
100	4	122	5303	2730	numrun=seed
100	4	123	5303	4229	numrun=seed
100	4	124	5249	3062	numrun=seed
100	4	125	5303	3184	numrun=seed
100	4	126	5303	4321	numrun=seed
100	4	127	5303	3671	numrun=seed
100	4	128	5303	2341	numrun=seed
100	4	129	5303	3674	numrun=seed
100	4	130	5303	3684	numrun=seed
100	4	131	5217	2757	numrun=seed
100	4	132	5203	3559	numrun=seed
100	4	133	5303	3020	numrun=seed
100	4	134	5303	4431	numrun=seed
100	4	135	5303	4328	numrun=seed
100	4	136	5303	3443	numrun=seed
100	4	137	5249	3437	numrun=seed
100	4	138	5303	3451	numrun=seed
100	4	139	5249	3362	numrun=seed
100	4	140	5249	2709	numrun=seed
100	4	141	5205	3167	numrun=seed
100	4	142	5249	3594	numrun=seed
100	4	143	5303	3158	numrun=seed
100	4	144	5205	3782	numrun=seed
100	4	145	5303	4106	numrun=seed
100	4	146	5249	3064	numrun=seed
100	4	147	5303	1780	numrun=seed
100	4	148	5249	4017	numrun=seed
100	4	149	5303	4318	numrun=seed
100	4	150	5303	2627	numrun=seed
100	4	151	5303	3561	numrun=seed
100	4	152	5205	3377	numrun=seed
100	4	153	5303	2938	numrun=seed
100	4	154	5203	3373	numrun=seed
100	4	155	5303	3362	numrun=seed
100	4	156	5303	2904	numrun=seed
100	4	157	5303	3869	numrun=seed
100	4	158	5303	3450	numrun=seed
100	4	159	5303	2698	numrun=seed
100	4	160	5205	3372	numrun=seed
100	4	161	5253	4209	numrun=seed
100	4	162	5303	3998	numrun=seed
100	4	163	5303	2717	numrun=seed
100	4	164	5203	2110	numrun=seed
100	4	165	5303	3657	numrun=seed
100	4	166	5249	2725	numrun=seed
100	4	167	5303	4196	numrun=seed
100	4	168	5303	4294	numrun=seed
100	4	169	5303	3759	numrun=seed
100	4	170	5303	2273	numrun=seed
100	4	171	5303	3143	numrun=seed
100	4	172	5303	2405	numrun=seed
100	4	173	5303	2532	numrun=seed
100	4	174	5253	4627	numrun=seed
100	4	175	5303	3344	numrun=seed
100	4	176	5205	2751	numrun=seed
100	4	177	5303	3163	numrun=seed
100	4	178	5303	3114	numrun=seed
100	4	179	5303	3145	numrun=seed
100	4	180	5205	2333	numrun=seed
100	4	181	5303	2830	numrun=seed
100	4	182	5303	2630	numrun=seed
100	4	183	5303	3057	numrun=seed
100	4	184	5303	3745	numrun=seed
100	4	185	5203	4621	numrun=seed
100	4	186	5249	3268	numrun=seed
100	4	187	5303	4064	numrun=seed
100	4	188	5303	3020	numrun=seed
100	4	189	5303	3469	numrun=seed
100	4	190	5303	2421	numrun=seed
100	4	191	5160	3688	numrun=seed
100	4	192	5303	3050	numrun=seed
100	4	193	5303	4619	numrun=seed
100	4	194	5249	3482	numrun=seed
100	4	195	5249	3141	numrun=seed
100	4	196	5303	3636	numrun=seed
100	4	197	5249	3694	numrun=seed
100	4	198	5303	4191	numrun=seed
100	4	199	5303	4344	numrun=seed
100	4	200	5205	4009	numrun=seed
100	4	201	5253	3588	numrun=seed
100	4	202	5303	2424	numrun=seed
100	4	203	5217	2520	numrun=seed
100	4	204	5303	4626	numrun=seed
100	4	205	5303	2418	numrun=seed
100	4	206	5249	2968	numrun=seed
100	4	207	5303	3132	numrun=seed
100	4	208	5303	4161	numrun=seed
100	4	209	5253	4747	numrun=seed
100	4	210	5253	3145	numrun=seed
100	4	211	5303	3951	numrun=seed
100	4	212	5303	3047	numrun=seed
100	4	213	5303	3021	numrun=seed
100	4	214	5303	3950	numrun=seed
100	4	215	5303	4393	numrun=seed
100	4	216	5253	3350	numrun=seed
100	4	217	5217	3553	numrun=seed
100	4	218	5205	3156	numrun=seed
100	4	219	5303	4259	numrun=seed
100	4	220	5303	3342	numrun=seed
100	4	221	5303	3644	numrun=seed
100	4	222	5303	3046	numrun=seed
100	4	223	5303	3058	numrun=seed
100	4	224	5205	2335	numrun=seed
100	4	225	5303	2606	numrun=seed
100	4	226	5205	3794	numrun=seed
100	4	227	5303	2718	numrun=seed
100	4	228	5303	4501	numrun=seed
100	4	229	5303	3895	numrun=seed
100	4	230	5303	2799	numrun=seed
100	4	231	5303	2810	numrun=seed
100	4	232	5303	3153	numrun=seed
100	4	233	5301	2401	numrun=seed
100	4	234	5217	2740	numrun=seed
100	4	235	5303	5133	numrun=seed
100	4	236	5253	2953	numrun=seed
100	4	237	5205	3598	numrun=seed
100	4	238	5303	2208	numrun=seed
100	4	239	5253	3376	numrun=seed
100	4	240	5219	4202	numrun=seed
100	4	241	5303	3053	numrun=seed
100	4	242	5303	3554	numrun=seed
100	4	243	5203	3799	numrun=seed
100	4	244	5205	3177	numrun=seed
100	4	245	5303	3968	numrun=seed
100	4	246	5303	4124	numrun=seed
100	4	247	5303	4717	numrun=seed
100	4	248	5253	3375	numrun=seed
100	4	249	5249	3877	numrun=seed
100	4	250	5249	4319	numrun=seed
100	4	251	5160	3812	numrun=seed
100	4	252	5303	3032	numrun=seed
100	4	253	5253	3068	numrun=seed
100	4	254	5253	3368	numrun=seed
100	4	255	5219	3160	numrun=seed
100	4	256	5253	3152	numrun=seed
100	4	257	5303	4396	numrun=seed
100	4	258	5303	3020	numrun=seed
100	4	259	5303	1659	numrun=seed
100	4	260	5303	2503	numrun=seed
100	4	261	5303	3871	numrun=seed
100	4	262	5249	4540	numrun=seed
100	4	263	5303	3273	numrun=seed
100	4	264	5303	3376	numrun=seed
100	4	265	5203	2962	numrun=seed
100	4	266	5303	4731	numrun=seed
100	4	267	5205	4001	numrun=seed
100	4	268	5249	3065	numrun=seed
100	4	269	5203	3680	numrun=seed
100	4	270	5219	4277	numrun=seed
100	4	271	5303	2725	numrun=seed
100	4	272	5253	3361	numrun=seed
100	4	273	5249	3899	numrun=seed
100	4	274	5303	2708	numrun=seed
100	4	275	5303	3584	numrun=seed
100	4	276	5249	3875	numrun=seed
100	4	277	5249	3236	numrun=seed
100	4	278	5303	2951	numrun=seed
100	4	279	5303	3557	numrun=seed
100	4	280	5301	1996	numrun=seed
100	4	281	5303	2930	numrun=seed
100	4	282	5303	3768	numrun=seed
100	4	283	5303	4958	numrun=seed
100	4	284	5303	3992	numrun=seed
100	4	285	5303	3392	numrun=seed
100	4	286	5303	3363	numrun=seed
100	4	287	5303	2716	numrun=seed
100	4	288	5205	4851	numrun=seed
100	4	289	5303	2529	numrun=seed
100	4	290	5303	5363	numrun=seed
100	4	291	5203	1375	numrun=seed
100	5	0	4498	3690	numrun=seed
100	5	1	4498	5056	numrun=seed
100	5	2	4498	3180	numrun=seed
100	5	3	4498	4408	numrun=seed
100	5	4	4498	3482	numrun=seed
100	5	5	4498	3791	numrun=seed
100	5	6	4402	2532	numrun=seed
100	5	7	4497	4851	numrun=seed
100	5	8	4498	3979	numrun=seed
100	5	9	4498	1999	numrun=seed
100	5	10	4498	4414	numrun=seed
100	5	11	4498	3158	numrun=seed
100	5	12	4497	3565	numrun=seed
100	5	13	4498	3780	numrun=seed
100	5	14	4497	4244	numrun=seed
100	5	15	4498	3786	numrun=seed
100	5	16	4474	2515	numrun=seed
100	5	17	4498	3790	numrun=seed
100	5	18	4497	4987	numrun=seed
100	5	19	4498	4106	numrun=seed
100	5	20	4498	3806	numrun=seed
100	5	21	4498	3908	numrun=seed
100	5	22	4474	2738	numrun=seed
100	5	23	4497	4106	numrun=seed
100	5	24	4497	3381	numrun=seed
100	5	25	4399	2719	numrun=seed
100	5	26	4405	3820	numrun=seed
100	5	27	4402	4436	numrun=seed
100	5	28	4497	3256	numrun=seed
100	5	29	4498	2494	numrun=seed
100	5	30	4497	4432	numrun=seed
100	5	31	4498	3807	numrun=seed
100	5	32	4498	4084	numrun=seed
100	5	33	4498	3366	numrun=seed
100	5	34	4474	3895	numrun=seed
100	5	35	4498	2852	numrun=seed
100	5	36	4498	2304	numrun=seed
100	5	37	4498	4447	numrun=seed
100	5	38	4474	3586	numrun=seed
100	5	39	4497	4117	numrun=seed
100	5	40	4498	3163	numrun=seed
100	5	41	4462	3584	numrun=seed
100	5	42	4497	3626	numrun=seed
100	5	43	4498	3477	numrun=seed
100	5	44	4497	4422	numrun=seed
100	5	45	4498	4425	numrun=seed
100	5	46	4498	3884	numrun=seed
100	5	47	4498	3799	numrun=seed
100	5	48	4497	4478	numrun=seed
100	5	49	4453	2226	numrun=seed
100	5	50	4498	3782	numrun=seed
100	5	51	4497	4673	numrun=seed
100	5	52	4497	2850	numrun=seed
100	5	53	4472	2849	numrun=seed
100	5	54	4456	2912	numrun=seed
100	5	55	4474	3903	numrun=seed
100	5	56	4498	3790	numrun=seed
100	5	57	4497	3171	numrun=seed
100	5	58	4498	3140	numrun=seed
100	5	59	4403	2638	numrun=seed
100	5	60	4498	3367	numrun=seed
100	5	61	4498	3183	numrun=seed
100	5	62	4456	2610	numrun=seed
100	5	63	4497	3237	numrun=seed
100	5	64	4497	2830	numrun=seed
100	5	65	4498	2000	numrun=seed
100	5	66	4405	2222	numrun=seed
100	5	67	4497	4550	numrun=seed
100	5	68	4498	4381	numrun=seed
100	5	69	4387	2535	numrun=seed
100	5	70	4497	4747	numrun=seed
100	5	71	4474	3171	numrun=seed
100	5	72	4498	3381	numrun=seed
100	5	73	4399	2842	numrun=seed
100	5	74	4498	5048	numrun=seed
100	5	75	4387	3695	numrun=seed
100	5	76	4498	4411	numrun=seed
100	5	77	4467	3685	numrun=seed
100	5	78	4402	3607	numrun=seed
100	5	79	4474	2837	numrun=seed
100	5	80	4453	3480	numrun=seed
100	5	81	4497	2442	numrun=seed
100	5	82	4498	3492	numrun=seed
100	5	83	4497	3610	numrun=seed
100	5	84	4498	2950	numrun=seed
100	5	85	4497	2637	numrun=seed
100	5	86	4467	3166	numrun=seed
100	5	87	4498	2514	numrun=seed
100	5	88	4462	3475	numrun=seed
100	5	89	4498	3259	numrun=seed
100	5	90	4498	3902	numrun=seed
100	5	91	4498	3779	numrun=seed
100	5	92	4497	4237	numrun=seed
100	5	93	4498	2954	numrun=seed
100	5	94	4498	4523	numrun=seed
100	5	95	4498	3581	numrun=seed
100	5	96	4405	3502	numrun=seed
100	5	97	4498	2208	numrun=seed
100	5	98	4498	4300	numrun=seed
100	5	99	4474	3813	numrun=seed
100	5	100	4474	3580	numrun=seed
100	5	101	4498	2729	numrun=seed
100	5	102	4498	4850	numrun=seed
100	5	103	4498	3542	numrun=seed
100	5	104	4453	2959	numrun=seed
100	5	105	4498	3917	numrun=seed
100	5	106	4498	3563	numrun=seed
100	5	107	4497	4025	numrun=seed
100	5	108	4497	4563	numrun=seed
100	5	109	4498	4631	numrun=seed
100	5	110	4467	4309	numrun=seed
100	5	111	4497	3174	numrun=seed
100	5	112	4498	3060	numrun=seed
100	5	113	4498	3471	numrun=seed
100	5	114	4497	3918	numrun=seed
100	5	115	4498	3237	numrun=seed
100	5	116	4497	3611	numrun=seed
100	5	117	4497	3593	numrun=seed
100	5	118	4498	3469	numrun=seed
100	5	119	4380	2956	numrun=seed
100	5	120	4498	4419	numrun=seed
100	5	121	4467	3703	numrun=seed
100	5	122	4467	3501	numrun=seed
100	5	123	4498	3671	numrun=seed
100	5	124	4474	3160	numrun=seed
100	5	125	4498	4215	numrun=seed
100	5	126	4498	3795	numrun=seed
100	5	127	4498	4233	numrun=seed
100	5	128	4497	5095	numrun=seed
100	5	129	4497	3129	numrun=seed
100	5	130	4498	5155	numrun=seed
100	5	131	4497	3306	numrun=seed
100	5	132	4498	2721	numrun=seed
100	5	133	4498	3658	numrun=seed
100	5	134	4472	4040	numrun=seed
100	5	135	4403	4955	numrun=seed
100	5	136	4474	2840	numrun=seed
100	5	137	4497	3386	numrun=seed
100	5	138	4498	5385	numrun=seed
100	5	139	4474	2417	numrun=seed
100	5	140	4498	4947	numrun=seed
100	5	141	4498	4025	numrun=seed
100	5	142	4498	3587	numrun=seed
100	5	143	4498	4291	numrun=seed
100	5	144	4497	3921	numrun=seed
100	5	145	4497	3469	numrun=seed
100	5	146	4498	3861	numrun=seed
100	5	147	4497	3382	numrun=seed
100	5	148	4498	2822	numrun=seed
100	5	149	4498	3372	numrun=seed
100	5	150	4497	3501	numrun=seed
100	5	151	4497	3066	numrun=seed
100	5	152	4447	3912	numrun=seed
100	5	153	4498	3111	numrun=seed
100	5	154	4497	3934	numrun=seed
100	5	155	4497	4840	numrun=seed
100	5	156	4498	4434	numrun=seed
100	5	157	4498	2943	numrun=seed
100	5	158	4497	3796	numrun=seed
100	5	159	4497	4536	numrun=seed
100	5	160	4497	3776	numrun=seed
100	5	161	4498	4110	numrun=seed
100	5	162	4498	5177	numrun=seed
100	5	163	4474	3268	numrun=seed
100	5	164	4497	3491	numrun=seed
100	5	165	4472	3618	numrun=seed
100	5	166	4462	4501	numrun=seed
100	5	167	4497	4116	numrun=seed
100	5	168	4497	3187	numrun=seed
100	5	169	4498	4214	numrun=seed
100	5	170	4498	2001	numrun=seed
100	5	171	4474	3602	numrun=seed
100	5	172	4498	3584	numrun=seed
100	5	173	4498	3691	numrun=seed
100	5	174	4498	2930	numrun=seed
100	5	175	4498	4824	numrun=seed
100	5	176	4497	3480	numrun=seed
100	5	177	4498	2222	numrun=seed
100	5	178	4498	3461	numrun=seed
100	5	179	4497	5178	numrun=seed
100	5	180	4497	4374	numrun=seed
100	5	181	4498	3167	numrun=seed
100	5	182	4498	3993	numrun=seed
100	5	183	4498	3169	numrun=seed
100	5	184	4453	3685	numrun=seed
100	5	185	4498	3360	numrun=seed
100	5	186	4399	3139	numrun=seed
100	5	187	4498	2543	numrun=seed
100	5	188	4498	3886	numrun=seed
100	5	189	4498	3573	numrun=seed
100	5	190	4498	5058	numrun=seed
100	5	191	4498	3475	numrun=seed
100	5	192	4462	3255	numrun=seed
100	5	193	4498	3371	numrun=seed
100	5	194	4497	3701	numrun=seed
100	5	195	4497	3689	numrun=seed
100	5	196	4497	3828	numrun=seed
100	5	197	4498	4331	numrun=seed
100	5	198	4498	2736	numrun=seed
100	5	199	4472	3809	numrun=seed
100	5	200	4497	3905	numrun=seed
100	5	201	4498	2321	numrun=seed
100	5	202	4497	2711	numrun=seed
100	5	203	4472	4043	numrun=seed
100	5	204	4497	4434	numrun=seed
100	5	205	4498	3665	numrun=seed
100	5	206	4335	3275	numrun=seed
100	5	207	4498	2001	numrun=seed
100	5	208	4474	3154	numrun=seed
100	5	209	4497	3584	numrun=seed
100	5	210	4402	3699	numrun=seed
100	5	211	4498	3441	numrun=seed
100	5	212	4498	3910	numrun=seed
100	5	213	4405	4948	numrun=seed
100	5	214	4498	3800	numrun=seed
100	5	215	4467	3789	numrun=seed
100	5	216	4498	2951	numrun=seed
100	5	217	4498	2949	numrun=seed
100	5	218	4498	3083	numrun=seed
100	5	219	4497	4549	numrun=seed
100	5	220	4497	4524	numrun=seed
100	5	221	4498	2716	numrun=seed
100	5	222	4405	2761	numrun=seed
100	5	223	4474	3035	numrun=seed
100	5	224	4498	4347	numrun=seed
100	5	225	4498	4312	numrun=seed
100	5	226	4498	2295	numrun=seed
100	5	227	4453	3511	numrun=seed
100	5	228	4472	4422	numrun=seed
100	5	229	4397	3702	numrun=seed
100	5	230	4498	3362	numrun=seed
100	5	231	4497	5277	numrun=seed
100	5	232	4498	3272	numrun=seed
100	5	233	4474	2844	numrun=seed
100	5	234	4453	3707	numrun=seed
100	5	235	4498	3573	numrun=seed
100	5	236	4497	3926	numrun=seed
100	5	237	4474	2724	numrun=seed
100	5	238	4379	3450	numrun=seed
100	5	239	4497	3792	numrun=seed
100	5	240	4498	5121	numrun=seed
100	5	241	4498	3879	numrun=seed
100	5	242	4498	3904	numrun=seed
100	5	243	4497	3452	numrun=seed
100	5	244	4498	2732	numrun=seed
100	5	245	4498	3801	numrun=seed
100	5	246	4498	3389	numrun=seed
100	5	247	4498	3744	numrun=seed
100	5	248	4403	3379	numrun=seed
100	5	249	4498	3166	numrun=seed
100	5	250	4497	4438	numrun=seed
100	5	251	4453	4539	numrun=seed
100	5	252	4447	3686	numrun=seed
100	5	253	4498	3807	numrun=seed
100	5	254	4453	2847	numrun=seed
100	5	255	4497	3065	numrun=seed
100	5	256	4498	3674	numrun=seed
100	5	257	4498	2840	numrun=seed
100	5	258	4497	3693	numrun=seed
100	5	259	4497	3970	numrun=seed
100	5	260	4498	3609	numrun=seed
100	5	261	4498	3543	numrun=seed
100	5	262	4498	4406	numrun=seed
100	5	263	4498	2730	numrun=seed
100	5	264	4467	3371	numrun=seed
100	5	265	4498	3055	numrun=seed
100	5	266	4498	3687	numrun=seed
100	5	267	4405	3675	numrun=seed
100	5	268	4498	4713	numrun=seed
100	5	269	4497	3773	numrun=seed
100	5	270	4474	3796	numrun=seed
100	5	271	4498	2535	numrun=seed
100	5	272	4497	3191	numrun=seed
100	5	273	4405	4102	numrun=seed
100	5	274	4472	3581	numrun=seed
100	5	275	4498	3864	numrun=seed
100	6	0	5243	4678	numrun=seed
100	6	1	5243	3261	numrun=seed
100	6	2	5222	4728	numrun=seed
100	6	3	5181	4438	numrun=seed
100	6	4	5221	5298	numrun=seed
100	6	5	5222	3359	numrun=seed
100	6	6	5235	3067	numrun=seed
100	6	7	5214	4000	numrun=seed
100	6	8	5235	3369	numrun=seed
100	6	9	5223	3672	numrun=seed
100	6	10	5234	3472	numrun=seed
100	6	11	5214	3695	numrun=seed
100	6	12	5195	2197	numrun=seed
100	6	13	5211	3702	numrun=seed
100	6	14	5173	2743	numrun=seed
100	6	15	5211	4110	numrun=seed
100	6	16	5181	3390	numrun=seed
100	6	17	5149	3713	numrun=seed
100	6	18	5222	2627	numrun=seed
100	6	19	5222	2860	numrun=seed
100	6	20	5161	3371	numrun=seed
100	6	21	5235	4015	numrun=seed
100	6	22	5173	3692	numrun=seed
100	6	23	5205	3677	numrun=seed
100	6	24	5222	2422	numrun=seed
100	6	25	5222	3587	numrun=seed
100	6	26	5228	3781	numrun=seed
100	6	27	5197	4517	numrun=seed
100	6	28	5235	2957	numrun=seed
100	6	29	5198	3423	numrun=seed
100	6	30	5207	3451	numrun=seed
100	6	31	5207	2760	numrun=seed
100	6	32	5222	4826	numrun=seed
100	6	33	5207	5006	numrun=seed
100	6	34	5228	3704	numrun=seed
100	6	35	5222	4867	numrun=seed
100	6	36	5235	2943	numrun=seed
100	6	37	5149	3923	numrun=seed
100	6	38	5222	2965	numrun=seed
100	6	39	5222	3795	numrun=seed
100	6	40	5228	3604	numrun=seed
100	6	41	5211	4993	numrun=seed
100	6	42	5235	3129	numrun=seed
100	6	43	5207	3711	numrun=seed
100	6	44	5223	3495	numrun=seed
100	6	45	5214	3619	numrun=seed
100	6	46	5211	3715	numrun=seed
100	6	47	5182	3695	numrun=seed
100	6	48	5211	3502	numrun=seed
100	6	49	5207	3572	numrun=seed
100	6	50	5207	3750	numrun=seed
100	6	51	5222	3659	numrun=seed
100	6	52	5205	3662	numrun=seed
100	6	53	5211	4240	numrun=seed
100	6	54	5222	3575	numrun=seed
100	6	55	5235	3569	numrun=seed
100	6	56	5235	4353	numrun=seed
100	6	57	5228	2962	numrun=seed
100	6	58	5228	2519	numrun=seed
100	6	59	5228	4122	numrun=seed
100	6	60	5222	3270	numrun=seed
100	6	61	5235	4515	numrun=seed
100	6	62	5214	1965	numrun=seed
100	6	63	5207	2740	numrun=seed
100	6	64	5222	3698	numrun=seed
100	6	65	5222	4796	numrun=seed
100	6	66	5201	2852	numrun=seed
100	6	67	5228	4958	numrun=seed
100	6	68	5213	3709	numrun=seed
100	6	69	5201	4098	numrun=seed
100	6	70	5223	3900	numrun=seed
100	6	71	5243	4088	numrun=seed
100	6	72	5201	3584	numrun=seed
100	6	73	5222	2419	numrun=seed
100	6	74	5228	3243	numrun=seed
100	6	75	5173	4119	numrun=seed
100	6	76	5221	3275	numrun=seed
100	6	77	5201	4209	numrun=seed
100	6	78	5222	3475	numrun=seed
100	6	79	5221	3255	numrun=seed
100	6	80	5222	4662	numrun=seed
100	6	81	5228	3157	numrun=seed
100	6	82	5228	2524	numrun=seed
100	6	83	5211	4354	numrun=seed
100	6	84	5228	3911	numrun=seed
100	6	85	5162	3502	numrun=seed
100	6	86	5243	4875	numrun=seed
100	6	87	5228	5038	numrun=seed
100	6	88	5162	4102	numrun=seed
100	6	89	5162	3198	numrun=seed
100	6	90	5221	3778	numrun=seed
100	6	91	5235	3252	numrun=seed
100	6	92	5235	3903	numrun=seed
100	6	93	5222	5064	numrun=seed
100	6	94	5222	3269	numrun=seed
100	6	95	5181	4142	numrun=seed
100	6	96	5201	3497	numrun=seed
100	6	97	5235	3471	numrun=seed
100	6	98	5235	4185	numrun=seed
100	6	99	5243	4985	numrun=seed
100	6	100	5235	3275	numrun=seed
100	6	101	5243	4431	numrun=seed
100	6	102	5243	4115	numrun=seed
100	6	103	5243	3819	numrun=seed
100	6	104	5168	2552	numrun=seed
100	6	105	5214	2629	numrun=seed
100	6	106	5243	3493	numrun=seed
100	6	107	5222	3288	numrun=seed
100	6	108	5228	3689	numrun=seed
100	6	109	5243	2760	numrun=seed
100	6	110	5228	4551	numrun=seed
100	6	111	5235	4657	numrun=seed
100	6	112	5195	3574	numrun=seed
100	6	113	5207	3581	numrun=seed
100	6	114	5221	3051	numrun=seed
100	6	115	5207	4034	numrun=seed
100	6	116	5125	4020	numrun=seed
100	6	117	5209	3944	numrun=seed
100	6	118	5228	4549	numrun=seed
100	6	119	5125	3814	numrun=seed
100	6	120	5235	4873	numrun=seed
100	6	121	5195	2919	numrun=seed
100	6	122	5214	3470	numrun=seed
100	6	123	5201	3812	numrun=seed
100	6	124	5211	2642	numrun=seed
100	6	125	5243	2862	numrun=seed
100	6	126	5207	3687	numrun=seed
100	6	127	5221	5084	numrun=seed
100	6	128	5222	3585	numrun=seed
100	6	129	5125	3381	numrun=seed
100	6	130	5222	4701	numrun=seed
100	6	131	5222	3417	numrun=seed
100	6	132	5125	3823	numrun=seed
100	6	133	5214	3913	numrun=seed
100	6	134	5222	5068	numrun=seed
100	6	135	5222	3397	numrun=seed
100	6	136	5243	4924	numrun=seed
100	6	137	5243	4025	numrun=seed
100	6	138	5198	3788	numrun=seed
100	6	139	5162	4354	numrun=seed
100	6	140	5162	4217	numrun=seed
100	6	141	5211	4457	numrun=seed
100	6	142	5228	2936	numrun=seed
100	6	143	5214	5459	numrun=seed
100	6	144	5214	3266	numrun=seed
100	6	145	5222	3263	numrun=seed
100	6	146	5216	5139	numrun=seed
100	6	147	5214	4860	numrun=seed
100	6	148	5235	4111	numrun=seed
100	6	149	5235	2959	numrun=seed
100	6	150	5222	3581	numrun=seed
100	6	151	5173	3280	numrun=seed
100	6	152	5181	3296	numrun=seed
100	6	153	5222	3824	numrun=seed
100	6	154	5214	4091	numrun=seed
100	6	155	5221	4042	numrun=seed
100	6	156	5201	4020	numrun=seed
100	6	157	5216	3361	numrun=seed
100	6	158	5222	4033	numrun=seed
100	6	159	5182	2992	numrun=seed
100	6	160	5222	3909	numrun=seed
100	6	161	5205	2220	numrun=seed
100	6	162	5197	3671	numrun=seed
100	6	163	5243	4935	numrun=seed
100	6	164	5228	2404	numrun=seed
100	6	165	5207	4215	numrun=seed
100	6	166	5235	2858	numrun=seed
100	6	167	5223	4022	numrun=seed
100	6	168	5201	3052	numrun=seed
100	6	169	5228	4537	numrun=seed
100	6	170	5222	3369	numrun=seed
100	6	171	5235	3779	numrun=seed
100	6	172	5222	5576	numrun=seed
100	6	173	5207	3178	numrun=seed
100	6	174	5211	3602	numrun=seed
100	6	175	5197	3921	numrun=seed
100	6	176	5207	3367	numrun=seed
100	6	177	5221	4031	numrun=seed
100	6	178	5214	4874	numrun=seed
100	6	179	5214	2623	numrun=seed
100	6	180	5222	4451	numrun=seed
100	6	181	5222	3158	numrun=seed
100	6	182	5201	4527	numrun=seed
100	6	183	5211	3899	numrun=seed
100	6	184	5211	4657	numrun=seed
100	6	185	5198	3084	numrun=seed
100	6	186	5205	3585	numrun=seed
100	6	187	5222	3495	numrun=seed
100	6	188	5214	3471	numrun=seed
100	6	189	5219	4030	numrun=seed
100	6	190	5223	4122	numrun=seed
100	6	191	5228	4535	numrun=seed
100	6	192	5207	2729	numrun=seed
100	6	193	5243	3716	numrun=seed
100	6	194	5181	3804	numrun=seed
100	6	195	5207	3237	numrun=seed
100	6	196	5222	2642	numrun=seed
100	6	197	5221	5163	numrun=seed
100	6	198	5125	2873	numrun=seed
100	6	199	5235	3296	numrun=seed
100	6	200	5228	3379	numrun=seed
100	6	201	5162	4090	numrun=seed
100	6	202	5228	3671	numrun=seed
100	6	203	5201	2531	numrun=seed
100	6	204	5211	4316	numrun=seed
100	6	205	5235	4104	numrun=seed
100	6	206	5222	3485	numrun=seed
100	6	207	5228	3992	numrun=seed
100	6	208	5222	3575	numrun=seed
100	6	209	5222	2529	numrun=seed
100	6	210	5214	2390	numrun=seed
100	6	211	5235	3902	numrun=seed
100	6	212	5235	3475	numrun=seed
100	6	213	5228	2746	numrun=seed
100	6	214	5173	3712	numrun=seed
100	6	215	5235	3692	numrun=seed
100	6	216	5228	2865	numrun=seed
100	6	217	5195	3158	numrun=seed
100	6	218	5214	3181	numrun=seed
100	6	219	5228	2842	numrun=seed
100	6	220	5214	4361	numrun=seed
100	6	221	5235	5298	numrun=seed
100	6	222	5222	4085	numrun=seed
100	6	223	5235	3591	numrun=seed
100	6	224	5181	2949	numrun=seed
100	6	225	5181	3824	numrun=seed
100	6	226	5198	2731	numrun=seed
100	6	227	5211	4466	numrun=seed
100	6	228	5214	2721	numrun=seed
100	6	229	5243	3586	numrun=seed
100	6	230	5214	2856	numrun=seed
100	6	231	5214	4677	numrun=seed
100	6	232	5221	3173	numrun=seed
100	6	233	5235	4112	numrun=seed
100	6	234	5228	3587	numrun=seed
100	6	235	5214	3884	numrun=seed
100	6	236	5211	4340	numrun=seed
100	6	237	5211	4648	numrun=seed
100	6	238	5235	3694	numrun=seed
100	6	239	5223	4343	numrun=seed
100	6	240	5207	4507	numrun=seed
100	6	241	5222	3070	numrun=seed
100	6	242	5173	3998	numrun=seed
100	6	243	5235	3684	numrun=seed
100	6	244	5235	3912	numrun=seed
100	6	245	5222	4316	numrun=seed
100	6	246	5223	2728	numrun=seed
100	6	247	5162	3263	numrun=seed
100	6	248	5211	3283	numrun=seed
100	6	249	5222	4016	numrun=seed
100	6	250	5207	3147	numrun=seed
100	6	251	5222	3660	numrun=seed
100	6	252	5211	3794	numrun=seed
100	6	253	5235	3265	numrun=seed
100	6	254	5222	2659	numrun=seed
100	6	255	5228	3593	numrun=seed
100	6	256	5181	5634	numrun=seed
100	6	257	5223	3181	numrun=seed
100	6	258	5207	3676	numrun=seed
100	6	259	5214	3564	numrun=seed
100	6	260	5211	3799	numrun=seed
100	6	261	5204	4348	numrun=seed
100	6	262	5173	2750	numrun=seed
100	6	263	5228	3768	numrun=seed
100	6	264	5222	2770	numrun=seed
100	6	265	5222	4827	numrun=seed
100	6	266	5214	3894	numrun=seed
100	6	267	5214	4033	numrun=seed
100	6	268	5228	3703	numrun=seed
100	7	0	4981	4193	numrun=seed
100	7	1	4929	4022	numrun=seed
100	7	2	4973	2313	numrun=seed
100	7	3	4962	3935	numrun=seed
100	7	4	4978	3185	numrun=seed
100	7	5	4973	4142	numrun=seed
100	7	6	4947	2313	numrun=seed
100	7	7	4987	5201	numrun=seed
100	7	8	4973	3492	numrun=seed
100	7	9	4964	3082	numrun=seed
100	7	10	4999	4259	numrun=seed
100	7	11	4999	4228	numrun=seed
100	7	12	4964	2093	numrun=seed
100	7	13	4934	3495	numrun=seed
100	7	14	4973	3703	numrun=seed
100	7	15	4882	2838	numrun=seed
100	7	16	4982	2961	numrun=seed
100	7	17	4947	3311	numrun=seed
100	7	18	4954	4369	numrun=seed
100	7	19	4990	4501	numrun=seed
100	7	20	4959	4178	numrun=seed
100	7	21	4962	3759	numrun=seed
100	7	22	4999	6183	numrun=seed
100	7	23	4923	3397	numrun=seed
100	7	24	4973	3134	numrun=seed
100	7	25	4990	5500	numrun=seed
100	7	26	4973	3497	numrun=seed
100	7	27	4999	3692	numrun=seed
100	7	28	4962	3735	numrun=seed
100	7	29	4973	4342	numrun=seed
100	7	30	4967	3711	numrun=seed
100	7	31	5015	3326	numrun=seed
100	7	32	4962	2768	numrun=seed
100	7	33	4961	4988	numrun=seed
100	7	34	4961	4593	numrun=seed
100	7	35	4950	3522	numrun=seed
100	7	36	4928	4366	numrun=seed
100	7	37	4967	4231	numrun=seed
100	7	38	4964	2750	numrun=seed
100	7	39	4990	3180	numrun=seed
100	7	40	4984	3613	numrun=seed
100	7	41	5015	3173	numrun=seed
100	7	42	4967	3405	numrun=seed
100	7	43	4999	3480	numrun=seed
100	7	44	4950	3351	numrun=seed
100	7	45	4990	4178	numrun=seed
100	7	46	4990	4867	numrun=seed
100	7	47	4973	3694	numrun=seed
100	7	48	4990	3844	numrun=seed
100	7	49	4967	3841	numrun=seed
100	7	50	4948	4113	numrun=seed
100	7	51	4954	3754	numrun=seed
100	7	52	4999	3980	numrun=seed
100	7	53	4947	3182	numrun=seed
100	7	54	4982	4483	numrun=seed
100	7	55	4925	3058	numrun=seed
100	7	56	4954	3226	numrun=seed
100	7	57	4999	2402	numrun=seed
100	7	58	4962	4584	numrun=seed
100	7	59	4987	4020	numrun=seed
100	7	60	4973	3813	numrun=seed
100	7	61	4968	3382	numrun=seed
100	7	62	4961	3432	numrun=seed
100	7	63	4859	3384	numrun=seed
100	7	64	4942	3772	numrun=seed
100	7	65	4982	3388	numrun=seed
100	7	66	4973	4693	numrun=seed
100	7	67	4964	4538	numrun=seed
100	7	68	4999	4055	numrun=seed
100	7	69	4990	3388	numrun=seed
100	7	70	4999	5589	numrun=seed
100	7	71	4959	3905	numrun=seed
100	7	72	4950	2856	numrun=seed
100	7	73	4962	3109	numrun=seed
100	7	74	4984	3805	numrun=seed
100	7	75	4946	2448	numrun=seed
100	7	76	4973	4245	numrun=seed
100	7	77	4973	3914	numrun=seed
100	7	78	4999	3289	numrun=seed
100	7	79	4982	3937	numrun=seed
100	7	80	4973	3608	numrun=seed
100	7	81	4951	2767	numrun=seed
100	7	82	4886	2850	numrun=seed
100	7	83	4982	3080	numrun=seed
100	7	84	4964	4178	numrun=seed
100	7	85	4971	5845	numrun=seed
100	7	86	4987	3824	numrun=seed
100	7	87	4999	3812	numrun=seed
100	7	88	4990	3704	numrun=seed
100	7	89	4990	3700	numrun=seed
100	7	90	4973	4014	numrun=seed
100	7	91	4987	5652	numrun=seed
100	7	92	5015	2986	numrun=seed
100	7	93	4982	5037	numrun=seed
100	7	94	4950	2781	numrun=seed
100	7	95	5015	2630	numrun=seed
100	7	96	4999	5420	numrun=seed
100	7	97	4973	5395	numrun=seed
100	7	98	4964	3409	numrun=seed
100	7	99	5015	4687	numrun=seed
100	7	100	4982	4943	numrun=seed
100	7	101	4971	3367	numrun=seed
100	7	102	4990	3886	numrun=seed
100	7	103	4961	2294	numrun=seed
100	7	104	4946	4139	numrun=seed
100	7	105	4982	1698	numrun=seed
100	7	106	4940	5011	numrun=seed
100	7	107	4964	3282	numrun=seed
100	7	108	4958	3509	numrun=seed
100	7	109	4967	4273	numrun=seed
100	7	110	4973	4648	numrun=seed
100	7	111	4964	3096	numrun=seed
100	7	112	4964	3830	numrun=seed
100	7	113	4973	3922	numrun=seed
100	7	114	4950	2870	numrun=seed
100	7	115	4964	2519	numrun=seed
100	7	116	4990	3483	numrun=seed
100	7	117	4973	3813	numrun=seed
100	7	118	4987	3921	numrun=seed
100	7	119	4968	2842	numrun=seed
100	7	120	4999	2555	numrun=seed
100	7	121	4950	2878	numrun=seed
100	7	122	4964	3687	numrun=seed
100	7	123	4969	2620	numrun=seed
100	7	124	4935	2668	numrun=seed
100	7	125	4990	3273	numrun=seed
100	7	126	4962	3498	numrun=seed
100	7	127	5015	3653	numrun=seed
100	7	128	4962	3164	numrun=seed
100	7	129	4962	3196	numrun=seed
100	7	130	5015	4885	numrun=seed
100	7	131	4964	4184	numrun=seed
100	7	132	4974	3147	numrun=seed
100	7	133	4991	2763	numrun=seed
100	7	134	4973	3914	numrun=seed
100	7	135	5015	2545	numrun=seed
100	7	136	4964	3292	numrun=seed
100	7	137	4962	2970	numrun=seed
100	7	138	4999	5692	numrun=seed
100	7	139	4973	2982	numrun=seed
100	7	140	4962	3482	numrun=seed
100	7	141	4978	4372	numrun=seed
100	7	142	4962	4020	numrun=seed
100	7	143	4967	4922	numrun=seed
100	7	144	4999	4585	numrun=seed
100	7	145	4961	3161	numrun=seed
100	7	146	4971	3698	numrun=seed
100	7	147	4950	2871	numrun=seed
100	7	148	4962	3395	numrun=seed
100	7	149	4990	1895	numrun=seed
100	7	150	4948	3587	numrun=seed
100	7	151	4982	3753	numrun=seed
100	7	152	4982	1898	numrun=seed
100	7	153	4962	4580	numrun=seed
100	7	154	4962	3714	numrun=seed
100	7	155	4982	3506	numrun=seed
100	7	156	4943	3302	numrun=seed
100	7	157	4999	4227	numrun=seed
100	7	158	4993	3402	numrun=seed
100	7	159	5015	4045	numrun=seed
100	7	160	4968	2763	numrun=seed
100	7	161	4886	2229	numrun=seed
100	7	162	4984	2948	numrun=seed
100	7	163	4999	5637	numrun=seed
100	7	164	4946	3727	numrun=seed
100	7	165	4964	4435	numrun=seed
100	7	166	4999	3179	numrun=seed
100	7	167	4982	4941	numrun=seed
100	7	168	4982	4507	numrun=seed
100	7	169	4964	2740	numrun=seed
100	7	170	4973	4796	numrun=seed
100	7	171	4962	3558	numrun=seed
100	7	172	4993	3054	numrun=seed
100	7	173	4935	1885	numrun=seed
100	7	174	4928	2980	numrun=seed
100	7	175	4964	3576	numrun=seed
100	7	176	4973	3668	numrun=seed
100	7	177	4950	3843	numrun=seed
100	7	178	4964	4958	numrun=seed
100	7	179	4962	2962	numrun=seed
100	7	180	4982	3430	numrun=seed
100	7	181	4990	2963	numrun=seed
100	7	182	5015	3931	numrun=seed
100	7	183	4967	4298	numrun=seed
100	7	184	4968	3080	numrun=seed
100	7	185	4962	2969	numrun=seed
100	7	186	4964	3691	numrun=seed
100	7	187	4982	4572	numrun=seed
100	7	188	5015	3066	numrun=seed
100	7	189	4962	3510	numrun=seed
100	7	190	4962	3212	numrun=seed
100	7	191	4999	4054	numrun=seed
100	7	192	4950	4759	numrun=seed
100	7	193	4968	2207	numrun=seed
100	7	194	4973	4048	numrun=seed
100	7	195	4973	2115	numrun=seed
100	7	196	4999	3718	numrun=seed
100	7	197	4982	4477	numrun=seed
100	7	198	4990	3052	numrun=seed
100	7	199	4971	2551	numrun=seed
100	7	200	4990	4597	numrun=seed
100	7	201	4951	3612	numrun=seed
100	7	202	4962	2898	numrun=seed
100	7	203	4990	3753	numrun=seed
100	7	204	4987	4663	numrun=seed
100	7	205	4981	4335	numrun=seed
100	7	206	4938	4171	numrun=seed
100	7	207	4973	2771	numrun=seed
100	7	208	4990	4562	numrun=seed
100	7	209	5015	3420	numrun=seed
100	7	210	5015	2871	numrun=seed
100	7	211	4999	4565	numrun=seed
100	7	212	4973	4742	numrun=seed
100	7	213	5015	4611	numrun=seed
100	7	214	4971	3907	numrun=seed
100	7	215	4971	2970	numrun=seed
100	7	216	4990	3504	numrun=seed
100	7	217	5015	4668	numrun=seed
100	7	218	4982	2127	numrun=seed
100	7	219	4968	2651	numrun=seed
100	7	220	4999	4263	numrun=seed
100	7	221	4960	4146	numrun=seed
100	7	222	4999	3390	numrun=seed
100	7	223	4973	3394	numrun=seed
100	7	224	4973	5985	numrun=seed
100	7	225	4973	2532	numrun=seed
100	7	226	4990	3063	numrun=seed
100	7	227	4964	3719	numrun=seed
100	7	228	4981	3713	numrun=seed
100	7	229	4973	3930	numrun=seed
100	7	230	4987	2236	numrun=seed
100	7	231	4964	3764	numrun=seed
100	7	232	4970	2616	numrun=seed
100	7	233	4990	3084	numrun=seed
100	7	234	4982	3904	numrun=seed
100	7	235	4973	4549	numrun=seed
100	7	236	4973	5190	numrun=seed
100	7	237	4990	3076	numrun=seed
100	7	238	4987	2766	numrun=seed
100	7	239	4999	2961	numrun=seed
100	7	240	4999	3759	numrun=seed
100	7	241	4987	4030	numrun=seed
100	7	242	4973	4256	numrun=seed
100	7	243	4947	4035	numrun=seed
100	7	244	4984	4208	numrun=seed
100	7	245	4957	3921	numrun=seed
100	7	246	4964	3301	numrun=seed
100	7	247	4973	5754	numrun=seed
100	7	248	4978	4347	numrun=seed
100	7	249	4938	3935	numrun=seed
100	7	250	4962	3718	numrun=seed
100	7	251	4962	2431	numrun=seed
100	7	252	4982	3497	numrun=seed
100	7	253	4978	1686	numrun=seed
100	7	254	4990	4132	numrun=seed
100	7	255	4964	5344	numrun=seed
100	7	256	4990	3202	numrun=seed
100	7	257	4964	4636	numrun=seed
100	7	258	4968	4573	numrun=seed
100	7	259	4950	2439	numrun=seed
100	7	260	4961	2535	numrun=seed
100	7	261	4982	4025	numrun=seed
100	7	262	4982	3175	numrun=seed
100	7	263	4978	3265	numrun=seed
100	7	264	4962	2813	numrun=seed
100	7	265	4962	1976	numrun=seed
100	7	266	4946	3485	numrun=seed
100	7	267	4993	3319	numrun=seed
100	7	268	4973	4672	numrun=seed
100	7	269	5015	4007	numrun=seed
100	7	270	4948	4231	numrun=seed
100	7	271	4981	3479	numrun=seed
100	8	0	5690	3013	numrun=seed
100	8	1	5690	3241	numrun=seed
100	8	2	5690	2176	numrun=seed
100	8	3	5690	2843	numrun=seed
100	8	4	5690	2802	numrun=seed
100	8	5	5690	3772	numrun=seed
100	8	6	5690	3054	numrun=seed
100	8	7	5682	3976	numrun=seed
100	8	8	5690	3322	numrun=seed
100	8	9	5690	3532	numrun=seed
100	8	10	5690	3353	numrun=seed
100	8	11	5690	2498	numrun=seed
100	8	12	5690	3456	numrun=seed
100	8	13	5690	1874	numrun=seed
100	8	14	5690	2793	numrun=seed
100	8	15	5690	2941	numrun=seed
100	8	16	5690	4211	numrun=seed
100	8	17	5690	3543	numrun=seed
100	8	18	5690	2837	numrun=seed
100	8	19	5690	2943	numrun=seed
100	8	20	5690	3566	numrun=seed
100	8	21	5690	2695	numrun=seed
100	8	22	5690	2605	numrun=seed
100	8	23	5640	1975	numrun=seed
100	8	24	5690	2579	numrun=seed
100	8	25	5690	2738	numrun=seed
100	8	26	5690	3012	numrun=seed
100	8	27	5690	2073	numrun=seed
100	8	28	5690	1662	numrun=seed
100	8	29	5690	2495	numrun=seed
100	8	30	5690	3744	numrun=seed
100	8	31	5690	3752	numrun=seed
100	8	32	5690	2604	numrun=seed
100	8	33	5690	2935	numrun=seed
100	8	34	5690	3981	numrun=seed
100	8	35	5690	2507	numrun=seed
100	8	36	5682	3124	numrun=seed
100	8	37	5690	3115	numrun=seed
100	8	38	5690	3427	numrun=seed
100	8	39	5690	1856	numrun=seed
100	8	40	5690	2272	numrun=seed
100	8	41	5690	3267	numrun=seed
100	8	42	5690	2705	numrun=seed
100	8	43	5690	3441	numrun=seed
100	8	44	5690	2284	numrun=seed
100	8	45	5690	3989	numrun=seed
100	8	46	5690	3851	numrun=seed
100	8	47	5690	3050	numrun=seed
100	8	48	5526	2271	numrun=seed
100	8	49	5617	2197	numrun=seed
100	8	50	5690	3159	numrun=seed
100	8	51	5690	3136	numrun=seed
100	8	52	5690	2936	numrun=seed
100	8	53	5690	2198	numrun=seed
100	8	54	5690	2937	numrun=seed
100	8	55	5690	3995	numrun=seed
100	8	56	5690	1667	numrun=seed
100	8	57	5690	2934	numrun=seed
100	8	58	5690	3202	numrun=seed
100	8	59	5690	3230	numrun=seed
100	8	60	5690	3757	numrun=seed
100	8	61	5690	1561	numrun=seed
100	8	62	5690	2391	numrun=seed
100	8	63	5690	3542	numrun=seed
100	8	64	5690	3251	numrun=seed
100	8	65	5690	3873	numrun=seed
100	8	66	5690	4099	numrun=seed
100	8	67	5622	3596	numrun=seed
100	8	68	5690	3633	numrun=seed
100	8	69	5690	2387	numrun=seed
100	8	70	5690	2627	numrun=seed
100	8	71	5690	2402	numrun=seed
100	8	72	5640	1767	numrun=seed
100	8	73	5690	3215	numrun=seed
100	8	74	5690	3150	numrun=seed
100	8	75	5690	2397	numrun=seed
100	8	76	5682	2397	numrun=seed
100	8	77	5690	3854	numrun=seed
100	8	78	5690	3995	numrun=seed
100	8	79	5690	2602	numrun=seed
100	8	80	5690	3218	numrun=seed
100	8	81	5617	3229	numrun=seed
100	8	82	5690	2300	numrun=seed
100	8	83	5690	1875	numrun=seed
100	8	84	5690	3557	numrun=seed
100	8	85	5690	2793	numrun=seed
100	8	86	5690	3466	numrun=seed
100	8	87	5690	3350	numrun=seed
100	8	88	5690	2316	numrun=seed
100	8	89	5690	3422	numrun=seed
100	8	90	5690	3957	numrun=seed
100	8	91	5690	2832	numrun=seed
100	8	92	5690	2919	numrun=seed
100	8	93	5690	3431	numrun=seed
100	8	94	5690	2491	numrun=seed
100	8	95	5690	2609	numrun=seed
100	8	96	5690	3360	numrun=seed
100	8	97	5690	2603	numrun=seed
100	8	98	5690	3224	numrun=seed
100	8	99	5690	2704	numrun=seed
100	8	100	5690	3135	numrun=seed
100	8	101	5690	3007	numrun=seed
100	8	102	5690	3755	numrun=seed
100	8	103	5682	2201	numrun=seed
100	8	104	5656	2627	numrun=seed
100	8	105	5690	3033	numrun=seed
100	8	106	5598	2180	numrun=seed
100	8	107	5690	2928	numrun=seed
100	8	108	5690	2414	numrun=seed
100	8	109	5526	3155	numrun=seed
100	8	110	5690	3863	numrun=seed
100	8	111	5690	2716	numrun=seed
100	8	112	5656	1571	numrun=seed
100	8	113	5690	1659	numrun=seed
100	8	114	5690	3043	numrun=seed
100	8	115	5690	2910	numrun=seed
100	8	116	5690	3012	numrun=seed
100	8	117	5690	2391	numrun=seed
100	8	118	5690	1974	numrun=seed
100	8	119	5690	3056	numrun=seed
100	8	120	5690	2923	numrun=seed
100	8	121	5690	4714	numrun=seed
100	8	122	5690	3523	numrun=seed
100	8	123	5682	2305	numrun=seed
100	8	124	5690	4066	numrun=seed
100	8	125	5523	2085	numrun=seed
100	8	126	5690	2788	numrun=seed
100	8	127	5690	3330	numrun=seed
100	8	128	5690	2302	numrun=seed
100	8	129	5690	3652	numrun=seed
100	8	130	5690	3458	numrun=seed
100	8	131	5690	2378	numrun=seed
100	8	132	5606	3787	numrun=seed
100	8	133	5690	3548	numrun=seed
100	8	134	5690	1868	numrun=seed
100	8	135	5690	2184	numrun=seed
100	8	136	5690	3891	numrun=seed
100	8	137	5606	3986	numrun=seed
100	8	138	5690	3469	numrun=seed
100	8	139	5690	3263	numrun=seed
100	8	140	5523	1576	numrun=seed
100	8	141	5690	3228	numrun=seed
100	8	142	5690	2179	numrun=seed
100	8	143	5622	4180	numrun=seed
100	8	144	5690	1455	numrun=seed
100	8	145	5690	2392	numrun=seed
100	8	146	5690	3893	numrun=seed
100	8	147	5690	3959	numrun=seed
100	8	148	5617	3167	numrun=seed
100	8	149	5690	2498	numrun=seed
100	8	150	5690	3343	numrun=seed
100	8	151	5690	3489	numrun=seed
100	8	152	5690	2820	numrun=seed
100	8	153	5523	3053	numrun=seed
100	8	154	5690	2902	numrun=seed
100	8	155	5690	3678	numrun=seed
100	8	156	5690	3753	numrun=seed
100	8	157	5690	2083	numrun=seed
100	8	158	5690	2086	numrun=seed
100	8	159	5690	4016	numrun=seed
100	8	160	5690	2828	numrun=seed
100	8	161	5690	2303	numrun=seed
100	8	162	5690	2487	numrun=seed
100	8	163	5690	4416	numrun=seed
100	8	164	5690	2704	numrun=seed
100	8	165	5502	3903	numrun=seed
100	8	166	5502	2698	numrun=seed
100	8	167	5690	2947	numrun=seed
100	8	168	5622	2395	numrun=seed
100	8	169	5690	2394	numrun=seed
100	8	170	5690	3333	numrun=seed
100	8	171	5690	2926	numrun=seed
100	8	172	5690	2702	numrun=seed
100	8	173	5690	3052	numrun=seed
100	8	174	5682	2068	numrun=seed
100	8	175	5690	2812	numrun=seed
100	8	176	5690	3693	numrun=seed
100	8	177	5690	3240	numrun=seed
100	8	178	5690	3258	numrun=seed
100	8	179	5690	4710	numrun=seed
100	8	180	5690	1667	numrun=seed
100	8	181	5690	3966	numrun=seed
100	8	182	5690	3018	numrun=seed
100	8	183	5690	2405	numrun=seed
100	8	184	5690	3861	numrun=seed
100	8	185	5690	3536	numrun=seed
100	8	186	5690	3009	numrun=seed
100	8	187	5690	2091	numrun=seed
100	8	188	5690	2615	numrun=seed
100	8	189	5690	3236	numrun=seed
100	8	190	5690	2816	numrun=seed
100	8	191	5690	2292	numrun=seed
100	8	192	5690	3439	numrun=seed
100	8	193	5690	3673	numrun=seed
100	8	194	5656	1436	numrun=seed
100	8	195	5690	2990	numrun=seed
100	8	196	5690	2397	numrun=seed
100	8	197	5690	3140	numrun=seed
100	8	198	5690	2409	numrun=seed
100	8	199	5526	2093	numrun=seed
100	8	200	5690	3894	numrun=seed
100	8	201	5640	2394	numrun=seed
100	8	202	5690	2920	numrun=seed
100	8	203	5690	4098	numrun=seed
100	8	204	5690	2641	numrun=seed
100	8	205	5690	3257	numrun=seed
100	8	206	5690	2905	numrun=seed
100	8	207	5663	2802	numrun=seed
100	8	208	5690	2730	numrun=seed
100	8	209	5690	2961	numrun=seed
100	8	210	5682	1866	numrun=seed
100	8	211	5690	2174	numrun=seed
100	8	212	5690	3135	numrun=seed
100	8	213	5690	2804	numrun=seed
100	8	214	5690	1879	numrun=seed
100	8	215	5690	3532	numrun=seed
100	8	216	5690	2519	numrun=seed
100	8	217	5690	3454	numrun=seed
100	8	218	5690	2313	numrun=seed
100	8	219	5690	1973	numrun=seed
100	8	220	5690	3044	numrun=seed
100	8	221	5690	3446	numrun=seed
100	8	222	5656	4415	numrun=seed
100	8	223	5690	3959	numrun=seed
100	8	224	5690	2625	numrun=seed
100	8	225	5656	3381	numrun=seed
100	8	226	5690	2277	numrun=seed
100	8	227	5690	2287	numrun=seed
100	8	228	5690	1886	numrun=seed
100	8	229	5690	3127	numrun=seed
100	8	230	5690	2703	numrun=seed
100	8	231	5690	2521	numrun=seed
100	8	232	5690	3222	numrun=seed
100	8	233	5690	3374	numrun=seed
100	8	234	5690	3375	numrun=seed
100	8	235	5690	3952	numrun=seed
100	8	236	5690	1985	numrun=seed
100	8	237	5690	3026	numrun=seed
100	8	238	5690	3959	numrun=seed
100	8	239	5690	2308	numrun=seed
100	8	240	5690	2281	numrun=seed
100	8	241	5690	2694	numrun=seed
100	8	242	5690	2387	numrun=seed
100	8	243	5690	3015	numrun=seed
100	8	244	5523	2625	numrun=seed
100	8	245	5690	3837	numrun=seed
100	8	246	5690	2488	numrun=seed
100	8	247	5690	1679	numrun=seed
100	8	248	5682	3337	numrun=seed
100	8	249	5690	2935	numrun=seed
100	8	250	5690	4070	numrun=seed
100	8	251	5690	3147	numrun=seed
100	8	252	5690	2702	numrun=seed
100	8	253	5690	3023	numrun=seed
100	8	254	5690	2392	numrun=seed
100	8	255	5690	3018	numrun=seed
100	8	256	5690	4404	numrun=seed
100	8	257	5606	2284	numrun=seed
100	8	258	5640	2508	numrun=seed
100	8	259	5690	2816	numrun=seed
100	8	260	5690	3015	numrun=seed
100	8	261	5690	3058	numrun=seed
100	8	262	5690	2908	numrun=seed
100	8	263	5690	1774	numrun=seed
100	8	264	5690	2733	numrun=seed
100	8	265	5690	3459	numrun=seed
100	8	266	5690	3131	numrun=seed
100	8	267	5690	3753	numrun=seed
100	8	268	5690	2184	numrun=seed
100	8	269	5690	2496	numrun=seed
100	8	270	5690	1868	numrun=seed
100	8	271	5690	2911	numrun=seed
100	8	272	5690	2813	numrun=seed
100	8	273	5690	3771	numrun=seed
100	8	274	5690	2792	numrun=seed
100	8	275	5690	2074	numrun=seed
100	8	276	5690	2801	numrun=seed
100	8	277	5690	3466	numrun=seed
100	8	278	5523	3603	numrun=seed
100	8	279	5690	3314	numrun=seed
100	8	280	5690	3104	numrun=seed
100	8	281	5690	3138	numrun=seed
100	8	282	5690	2285	numrun=seed
100	8	283	5690	3132	numrun=seed
100	8	284	5690	2625	numrun=seed
100	8	285	5690	2816	numrun=seed
100	8	286	5682	1865	numrun=seed
100	8	287	5656	1149	numrun=seed
100	8	288	5690	3450	numrun=seed
100	8	289	5690	3047	numrun=seed
100	8	290	5622	2412	numrun=seed
100	8	291	5640	2391	numrun=seed
100	8	292	5502	3354	numrun=seed
100	8	293	5690	1976	numrun=seed
100	8	294	5690	2397	numrun=seed
100	8	295	5690	3162	numrun=seed
100	8	296	5690	2926	numrun=seed
100	8	297	5690	3588	numrun=seed
100	8	298	5690	3459	numrun=seed
100	8	299	5640	3035	numrun=seed
100	8	300	5690	2693	numrun=seed
100	8	301	5690	2607	numrun=seed
100	8	302	5690	2701	numrun=seed
100	8	303	5690	2190	numrun=seed
100	8	304	5690	3254	numrun=seed
100	8	305	5690	2917	numrun=seed
100	8	306	5656	3260	numrun=seed
100	8	307	5690	2287	numrun=seed
100	8	308	5690	3136	numrun=seed
100	8	309	5690	4397	numrun=seed
100	8	310	5682	2826	numrun=seed
100	8	311	5690	3865	numrun=seed
100	8	312	5690	2911	numrun=seed
100	8	313	5690	2286	numrun=seed
100	8	314	5690	3433	numrun=seed
100	8	315	5690	2827	numrun=seed
100	8	316	5690	2808	numrun=seed
100	8	317	5690	1456	numrun=seed
100	8	318	5690	3420	numrun=seed
100	8	319	5690	2298	numrun=seed
100	8	320	5617	3033	numrun=seed
100	8	321	5690	2261	numrun=seed
100	8	322	5690	1662	numrun=seed
100	8	323	5682	2318	numrun=seed
100	8	324	5523	1869	numrun=seed
100	8	325	5617	2821	numrun=seed
100	8	326	5690	3851	numrun=seed
100	8	327	5690	3536	numrun=seed
100	8	328	5690	3034	numrun=seed
100	8	329	5656	3252	numrun=seed
100	8	330	5690	1982	numrun=seed
100	8	331	5690	3022	numrun=seed
100	8	332	5690	3234	numrun=seed
100	8	333	5690	2934	numrun=seed
100	8	334	5640	2188	numrun=seed
100	8	335	5690	3028	numrun=seed
100	8	336	5640	3009	numrun=seed
100	8	337	5690	1670	numrun=seed
100	8	338	5690	1564	numrun=seed
100	8	339	5602	2495	numrun=seed
100	8	340	5690	3137	numrun=seed
100	8	341	5690	2600	numrun=seed
100	8	342	5690	2937	numrun=seed
100	9	0	5634	3027	numrun=seed
100	9	1	5634	2838	numrun=seed
100	9	2	5670	3990	numrun=seed
100	9	3	5670	3882	numrun=seed
100	9	4	5634	1776	numrun=seed
100	9	5	5634	2418	numrun=seed
100	9	6	5634	3155	numrun=seed
100	9	7	5634	3771	numrun=seed
100	9	8	5634	3356	numrun=seed
100	9	9	5670	1995	numrun=seed
100	9	10	5670	3239	numrun=seed
100	9	11	5634	3776	numrun=seed
100	9	12	5634	3775	numrun=seed
100	9	13	5670	3633	numrun=seed
100	9	14	5634	2500	numrun=seed
100	9	15	5670	3222	numrun=seed
100	9	16	5670	2497	numrun=seed
100	9	17	5634	3353	numrun=seed
100	9	18	5670	3339	numrun=seed
100	9	19	5634	2631	numrun=seed
100	9	20	5634	2283	numrun=seed
100	9	21	5670	2415	numrun=seed
100	9	22	5670	3462	numrun=seed
100	9	23	5607	3120	numrun=seed
100	9	24	5634	2528	numrun=seed
100	9	25	5670	3662	numrun=seed
100	9	26	5670	3529	numrun=seed
100	9	27	5634	3984	numrun=seed
100	9	28	5634	2721	numrun=seed
100	9	29	5634	2300	numrun=seed
100	9	30	5670	3426	numrun=seed
100	9	31	5670	1973	numrun=seed
100	9	32	5670	3347	numrun=seed
100	9	33	5670	4208	numrun=seed
100	9	34	5634	2722	numrun=seed
100	9	35	5634	2617	numrun=seed
100	9	36	5634	2724	numrun=seed
100	9	37	5634	2806	numrun=seed
100	9	38	5634	2730	numrun=seed
100	9	39	5670	2905	numrun=seed
100	9	40	5634	2480	numrun=seed
100	9	41	5670	4491	numrun=seed
100	9	42	5670	2810	numrun=seed
100	9	43	5634	2607	numrun=seed
100	9	44	5670	2823	numrun=seed
100	9	45	5634	2510	numrun=seed
100	9	46	5607	3119	numrun=seed
100	9	47	5634	3139	numrun=seed
100	9	48	5634	3042	numrun=seed
100	9	49	5634	2741	numrun=seed
100	9	50	5634	2949	numrun=seed
100	9	51	5670	3657	numrun=seed
100	9	52	5670	3249	numrun=seed
100	9	53	5670	3675	numrun=seed
100	9	54	5634	2930	numrun=seed
100	9	55	5670	2203	numrun=seed
100	9	56	5670	2808	numrun=seed
100	9	57	5634	2949	numrun=seed
100	9	58	5670	3439	numrun=seed
100	9	59	5634	2526	numrun=seed
100	9	60	5670	3879	numrun=seed
100	9	61	5634	2512	numrun=seed
100	9	62	5670	3034	numrun=seed
100	9	63	5670	1867	numrun=seed
100	9	64	5670	3320	numrun=seed
100	9	65	5670	2705	numrun=seed
100	9	66	5670	2606	numrun=seed
100	9	67	5670	3466	numrun=seed
100	9	68	5634	1994	numrun=seed
100	9	69	5634	3160	numrun=seed
100	9	70	5670	4499	numrun=seed
100	9	71	5607	3032	numrun=seed
100	9	72	5670	3125	numrun=seed
100	9	73	5634	2304	numrun=seed
100	9	74	5634	2502	numrun=seed
100	9	75	5670	3334	numrun=seed
100	9	76	5670	1979	numrun=seed
100	9	77	5670	3099	numrun=seed
100	9	78	5634	2928	numrun=seed
100	9	79	5670	2090	numrun=seed
100	9	80	5634	3335	numrun=seed
100	9	81	5634	4172	numrun=seed
100	9	82	5634	2309	numrun=seed
100	9	83	5670	2837	numrun=seed
100	9	84	5634	2633	numrun=seed
100	9	85	5634	2832	numrun=seed
100	9	86	5670	2918	numrun=seed
100	9	87	5634	3641	numrun=seed
100	9	88	5670	3741	numrun=seed
100	9	89	5634	2517	numrun=seed
100	9	90	5634	2934	numrun=seed
100	9	91	5670	2620	numrun=seed
100	9	92	5634	2926	numrun=seed
100	9	93	5670	3325	numrun=seed
100	9	94	5670	2503	numrun=seed
100	9	95	5634	4834	numrun=seed
100	9	96	5634	2743	numrun=seed
100	9	97	5634	2838	numrun=seed
100	9	98	5634	2308	numrun=seed
100	9	99	5634	3570	numrun=seed
100	9	100	5670	3976	numrun=seed
100	9	101	5670	2306	numrun=seed
100	9	102	5634	3139	numrun=seed
100	9	103	5670	3340	numrun=seed
100	9	104	5670	3215	numrun=seed
100	9	105	5670	3455	numrun=seed
100	9	106	5634	3221	numrun=seed
100	9	107	5670	4611	numrun=seed
100	9	108	5634	3660	numrun=seed
100	9	109	5670	3253	numrun=seed
100	9	110	5607	3135	numrun=seed
100	9	111	5670	4373	numrun=seed
100	9	112	5670	3318	numrun=seed
100	9	113	5670	2915	numrun=seed
100	9	114	5634	3005	numrun=seed
100	9	115	5670	3781	numrun=seed
100	9	116	5670	3856	numrun=seed
100	9	117	5634	2941	numrun=seed
100	9	118	5670	2290	numrun=seed
100	9	119	5670	2200	numrun=seed
100	9	120	5670	2599	numrun=seed
100	9	121	5634	3014	numrun=seed
100	9	122	5634	2611	numrun=seed
100	9	123	5670	3766	numrun=seed
100	9	124	5634	2525	numrun=seed
100	9	125	5634	2390	numrun=seed
100	9	126	5670	2928	numrun=seed
100	9	127	5670	3759	numrun=seed
100	9	128	5670	2711	numrun=seed
100	9	129	5670	2917	numrun=seed
100	9	130	5670	2930	numrun=seed
100	9	131	5634	2521	numrun=seed
100	9	132	5634	3370	numrun=seed
100	9	133	5634	3749	numrun=seed
100	9	134	5634	3656	numrun=seed
100	9	135	5634	2313	numrun=seed
100	9	136	5634	3152	numrun=seed
100	9	137	5634	3141	numrun=seed
100	9	138	5634	3140	numrun=seed
100	9	139	5634	2824	numrun=seed
100	9	140	5634	3474	numrun=seed
100	9	141	5634	2196	numrun=seed
100	9	142	5670	2283	numrun=seed
100	9	143	5634	3361	numrun=seed
100	9	144	5634	2502	numrun=seed
100	9	145	5670	2926	numrun=seed
100	9	146	5670	2195	numrun=seed
100	9	147	5634	3340	numrun=seed
100	9	148	5670	3017	numrun=seed
100	9	149	5634	2291	numrun=seed
100	9	150	5634	2297	numrun=seed
100	9	151	5634	2716	numrun=seed
100	9	152	5634	2937	numrun=seed
100	9	153	5634	3252	numrun=seed
100	9	154	5634	2412	numrun=seed
100	9	155	5670	1874	numrun=seed
100	9	156	5670	4383	numrun=seed
100	9	157	5634	4161	numrun=seed
100	9	158	5670	3982	numrun=seed
100	9	159	5634	3133	numrun=seed
100	9	160	5634	2720	numrun=seed
100	9	161	5670	2723	numrun=seed
100	9	162	5670	2922	numrun=seed
100	9	163	5573	2610	numrun=seed
100	9	164	5634	3053	numrun=seed
100	9	165	5670	3563	numrun=seed
100	9	166	5670	3242	numrun=seed
100	9	167	5670	3250	numrun=seed
100	9	168	5634	1568	numrun=seed
100	9	169	5670	1975	numrun=seed
100	9	170	5670	2393	numrun=seed
100	9	171	5670	2387	numrun=seed
100	9	172	5634	2309	numrun=seed
100	9	173	5634	3230	numrun=seed
100	9	174	5670	1855	numrun=seed
100	9	175	5670	2291	numrun=seed
100	9	176	5634	3234	numrun=seed
100	9	177	5634	2713	numrun=seed
100	9	178	5607	2810	numrun=seed
100	9	179	5634	3031	numrun=seed
100	9	180	5634	2515	numrun=seed
100	9	181	5634	3458	numrun=seed
100	9	182	5634	3541	numrun=seed
100	9	183	5634	2312	numrun=seed
100	9	184	5670	3478	numrun=seed
100	9	185	5634	2919	numrun=seed
100	9	186	5634	4283	numrun=seed
100	9	187	5634	3966	numrun=seed
100	9	188	5634	3373	numrun=seed
100	9	189	5670	3657	numrun=seed
100	9	190	5634	2828	numrun=seed
100	9	191	5634	3851	numrun=seed
100	9	192	5634	1998	numrun=seed
100	9	193	5634	2517	numrun=seed
100	9	194	5670	3341	numrun=seed
100	9	195	5670	3332	numrun=seed
100	9	196	5670	4343	numrun=seed
100	9	197	5670	3234	numrun=seed
100	9	198	5634	3337	numrun=seed
100	9	199	5670	3136	numrun=seed
100	9	200	5634	2418	numrun=seed
100	9	201	5607	2604	numrun=seed
100	9	202	5634	3322	numrun=seed
100	9	203	5670	2918	numrun=seed
100	9	204	5634	4502	numrun=seed
100	9	205	5634	4079	numrun=seed
100	9	206	5634	5433	numrun=seed
100	9	207	5634	2425	numrun=seed
100	9	208	5634	2931	numrun=seed
100	9	209	5634	4009	numrun=seed
100	9	210	5670	2189	numrun=seed
100	9	211	5634	3234	numrun=seed
100	9	212	5634	1981	numrun=seed
100	9	213	5670	2507	numrun=seed
100	9	214	5670	3666	numrun=seed
100	9	215	5670	3750	numrun=seed
100	9	216	5670	1983	numrun=seed
100	9	217	5634	3664	numrun=seed
100	9	218	5634	3885	numrun=seed
100	9	219	5670	1979	numrun=seed
100	9	220	5634	3967	numrun=seed
100	9	221	5670	2702	numrun=seed
100	9	222	5670	2078	numrun=seed
100	9	223	5634	2828	numrun=seed
100	9	224	5634	3663	numrun=seed
100	9	225	5634	2587	numrun=seed
100	9	226	5670	2180	numrun=seed
100	9	227	5634	2507	numrun=seed
100	9	228	5634	3142	numrun=seed
100	9	229	5634	2923	numrun=seed
100	9	230	5670	2297	numrun=seed
100	9	231	5670	1870	numrun=seed
100	9	232	5670	2602	numrun=seed
100	9	233	5670	2597	numrun=seed
100	9	234	5634	2843	numrun=seed
100	9	235	5670	3014	numrun=seed
100	9	236	5670	3235	numrun=seed
100	9	237	5634	3029	numrun=seed
100	9	238	5670	2914	numrun=seed
100	9	239	5634	2827	numrun=seed
100	9	240	5634	2942	numrun=seed
100	9	241	5670	2804	numrun=seed
100	9	242	5634	2823	numrun=seed
100	9	243	5670	2917	numrun=seed
100	9	244	5634	2833	numrun=seed
100	9	245	5634	2301	numrun=seed
100	9	246	5670	2842	numrun=seed
100	9	247	5634	3663	numrun=seed
100	9	248	5634	4078	numrun=seed
100	9	249	5670	3125	numrun=seed
100	9	250	5634	2939	numrun=seed
100	9	251	5670	2199	numrun=seed
100	9	252	5670	1770	numrun=seed
100	9	253	5634	2826	numrun=seed
100	9	254	5634	2931	numrun=seed
100	9	255	5670	3563	numrun=seed
100	9	256	5634	2842	numrun=seed
100	9	257	5607	3144	numrun=seed
100	9	258	5634	3318	numrun=seed
100	9	259	5670	3649	numrun=seed
100	9	260	5634	2730	numrun=seed
100	9	261	5670	2194	numrun=seed
100	9	262	5670	4077	numrun=seed
100	9	263	5670	2834	numrun=seed
100	9	264	5670	2188	numrun=seed
100	9	265	5670	4714	numrun=seed
100	9	266	5634	2396	numrun=seed
100	9	267	5670	3329	numrun=seed
100	9	268	5634	3129	numrun=seed
100	9	269	5634	3006	numrun=seed
100	9	270	5634	2515	numrun=seed
100	9	271	5670	2911	numrun=seed
100	9	272	5607	3865	numrun=seed
100	9	273	5670	2816	numrun=seed
100	9	274	5634	2941	numrun=seed
100	9	275	5634	3223	numrun=seed
100	9	276	5634	3453	numrun=seed
100	9	277	5670	1975	numrun=seed
100	9	278	5634	2400	numrun=seed
100	9	279	5670	3652	numrun=seed
100	9	280	5670	3326	numrun=seed
100	9	281	5634	3547	numrun=seed
100	9	282	5670	3138	numrun=seed
100	9	283	5670	3970	numrun=seed
100	9	284	5670	3535	numrun=seed
100	9	285	5634	2923	numrun=seed
100	9	286	5670	3339	numrun=seed
100	9	287	5634	2312	numrun=seed
100	9	288	5634	2712	numrun=seed
100	9	289	5670	3244	numrun=seed
100	9	290	5670	4373	numrun=seed
100	9	291	5670	3760	numrun=seed
100	9	292	5634	3355	numrun=seed
100	9	293	5670	3553	numrun=seed
100	9	294	5670	2820	numrun=seed
100	9	295	5634	2935	numrun=seed
100	9	296	5634	1893	numrun=seed
100	9	297	5670	3648	numrun=seed
100	9	298	5634	2712	numrun=seed
100	9	299	5634	2199	numrun=seed
100	9	300	5634	2922	numrun=seed
100	9	301	5634	3038	numrun=seed
100	9	302	5607	3462	numrun=seed
100	9	303	5670	3327	numrun=seed
100	9	304	5621	2208	numrun=seed
100	9	305	5634	3132	numrun=seed
100	9	306	5634	3157	numrun=seed
100	9	307	5634	1667	numrun=seed
100	9	308	5634	3744	numrun=seed
100	9	309	5634	3759	numrun=seed
100	9	310	5634	4380	numrun=seed
100	9	311	5670	2075	numrun=seed
100	9	312	5634	3023	numrun=seed
100	9	313	5634	3436	numrun=seed
100	9	314	5670	3330	numrun=seed
100	9	315	5670	3135	numrun=seed
100	9	316	5607	2308	numrun=seed
100	9	317	5670	2303	numrun=seed
100	9	318	5559	2377	numrun=seed
100	9	319	5634	1881	numrun=seed
100	9	320	5634	2856	numrun=seed
100	9	321	5634	3139	numrun=seed
100	9	322	5670	2512	numrun=seed
100	9	323	5670	3025	numrun=seed
100	9	324	5634	3572	numrun=seed
100	9	325	5634	2826	numrun=seed
100	9	326	5607	2186	numrun=seed
100	9	327	5670	1873	numrun=seed
100	9	328	5634	5144	numrun=seed
100	9	329	5573	2085	numrun=seed
100	9	330	5634	3049	numrun=seed
